Period,Facility_ID,County,Facility_Level,Target_Population_Pregnant,ANC_1st_Visits,ANC_4th_Visits,Deliveries_Skilled_Attendant,PNC_Visits_Within_48hrs,Fully_Immunized_Children_FIC
2025-01-01,FAC_100,Machakos,Level 4,495,473,,214,156.0,159
2025-01-01,FAC_101,Kilifi,Level 2,185,163,,81,98.0,84
2025-01-01,FAC_102,Homa Bay,Level 2,207,208,102.0,100,120.0,101
2025-01-01,FAC_103,Kilifi,Level 2,238,248,268.0,157,179.0,154
2025-01-01,FAC_104,Kilifi,Level 3,340,276,198.0,182,137.0,115
2025-01-01,FAC_105,Nairobi,Level 2,253,229,254.0,134,103.0,91
2025-01-01,FAC_106,Homa Bay,Level 4,607,512,207.0,226,205.0,187
2025-01-01,FAC_107,Homa Bay,Level 3,458,396,160.0,160,163.0,158
2025-01-01,FAC_108,Homa Bay,Level 2,296,283,192.0,196,152.0,152
2025-01-01,FAC_109,Kilifi,Level 3,394,335,166.0,159,115.0,109
2025-01-01,FAC_110,Machakos,Level 2,215,190,,98,89.0,92
2025-01-01,FAC_112,Kilifi,Level 3,427,402,241.0,214,181.0,171
2025-01-01,FAC_113,Nairobi,Level 4,602,592,286.0,288,287.0,257
2025-01-01,FAC_114,Machakos,Level 3,350,354,185.0,194,191.0,176
2025-01-01,FAC_115,Nairobi,Level 4,522,445,325.0,287,361.0,376
2025-01-01,FAC_116,Machakos,Level 2,236,230,169.0,186,226.0,228
2025-01-01,FAC_117,Kilifi,Level 4,513,429,248.0,254,309.0,315
2025-01-01,FAC_118,Turkana,Level 2,278,271,154.0,163,138.0,121
2025-01-01,FAC_119,Machakos,Level 2,258,254,169.0,181,200.0,171
2025-01-01,FAC_120,Nairobi,Level 2,179,162,110.0,111,99.0,80
2025-01-01,FAC_121,Kilifi,Level 4,588,481,220.0,206,267.0,260
2025-01-01,FAC_122,Machakos,Level 3,408,332,178.0,169,135.0,129
2025-01-01,FAC_123,Turkana,Level 2,274,237,252.0,128,135.0,117
2025-01-01,FAC_124,Turkana,Level 2,267,252,181.0,201,207.0,174
2025-01-01,FAC_125,Homa Bay,Level 3,316,282,,204,212.0,172
2025-01-01,FAC_126,Homa Bay,Level 2,273,265,155.0,174,182.0,178
2025-01-01,FAC_127,Nairobi,Level 2,194,167,82.0,91,,85
2025-01-01,FAC_128,Machakos,Level 2,207,208,105.0,119,89.0,88
2025-01-01,FAC_129,Machakos,Level 2,251,240,163.0,168,216.0,205
2025-01-01,FAC_130,Homa Bay,Level 3,421,394,219.0,205,207.0,201
2025-01-01,FAC_131,Machakos,Level 2,206,168,69.0,65,53.0,50
2025-01-01,FAC_132,Machakos,Level 2,189,170,109.0,115,108.0,110
2025-01-01,FAC_133,Turkana,Level 2,254,255,132.0,113,116.0,108
2025-01-01,FAC_134,Homa Bay,Level 2,226,198,85.0,89,,74
2025-01-01,FAC_135,Kilifi,Level 2,144,136,101.0,113,95.0,94
2025-01-01,FAC_136,Homa Bay,Level 2,195,162,103.0,110,79.0,80
2025-01-01,FAC_137,Kilifi,Level 2,284,240,143.0,125,127.0,109
2025-01-01,FAC_138,Turkana,Level 2,283,260,157.0,159,167.0,157
2025-01-01,FAC_139,Nairobi,Level 2,219,188,107.0,120,84.0,71
2025-01-01,FAC_140,Machakos,Level 2,260,260,109.0,94,66.0,64
2025-01-01,FAC_141,Turkana,Level 2,194,155,114.0,121,144.0,141
2025-01-01,FAC_142,Machakos,Level 2,257,267,173.0,185,188.0,183
2025-01-01,FAC_143,Nairobi,Level 4,613,539,327.0,322,331.0,310
2025-01-01,FAC_144,Nairobi,Level 3,426,341,150.0,154,181.0,149
2025-01-01,FAC_145,Turkana,Level 3,441,462,217.0,244,276.0,224
2025-01-01,FAC_146,Nairobi,Level 2,249,250,116.0,120,149.0,130
2025-01-01,FAC_147,Kilifi,Level 4,608,623,385.0,377,394.0,350
2025-01-01,FAC_148,Nairobi,Level 3,433,405,223.0,238,265.0,223
2025-01-01,FAC_149,Machakos,Level 2,202,211,139.0,150,117.0,99
2025-01-01,FAC_150,Machakos,Level 4,554,517,275.0,283,283.0,264
2025-01-01,FAC_151,Machakos,Level 2,240,227,135.0,139,166.0,172
2025-01-01,FAC_152,Machakos,Level 2,186,177,127.0,111,94.0,92
2025-01-01,FAC_153,Kilifi,Level 2,301,242,151.0,145,107.0,87
2025-01-01,FAC_154,Homa Bay,Level 3,345,296,135.0,148,133.0,116
2025-01-01,FAC_155,Turkana,Level 2,284,241,162.0,143,135.0,137
2025-01-01,FAC_156,Machakos,Level 2,301,284,,107,111.0,93
2025-01-01,FAC_157,Nairobi,Level 3,301,257,121.0,138,134.0,125
2025-01-01,FAC_158,Machakos,Level 2,290,254,136.0,148,134.0,122
2025-01-01,FAC_159,Nairobi,Level 3,433,378,245.0,247,244.0,225
2025-01-01,FAC_160,Nairobi,Level 4,481,475,235.0,236,278.0,290
2025-01-01,FAC_161,Machakos,Level 3,417,360,168.0,172,155.0,146
2025-01-01,FAC_162,Kilifi,Level 2,260,272,166.0,189,239.0,199
2025-01-01,FAC_163,Nairobi,Level 3,416,409,285.0,317,344.0,335
2025-01-01,FAC_164,Nairobi,Level 2,256,228,93.0,88,102.0,90
2025-01-01,FAC_166,Nairobi,Level 2,222,209,155.0,140,138.0,128
2025-01-01,FAC_167,Nairobi,Level 2,210,201,110.0,123,137.0,132
2025-01-01,FAC_168,Machakos,Level 2,169,138,74.0,78,59.0,49
2025-01-01,FAC_169,Machakos,Level 2,270,258,147.0,161,151.0,149
2025-01-01,FAC_170,Turkana,Level 3,429,352,235.0,258,248.0,255
2025-01-01,FAC_171,Kilifi,Level 2,261,271,121.0,112,114.0,95
2025-01-01,FAC_172,Kilifi,Level 3,309,295,166.0,158,149.0,145
2025-01-01,FAC_173,Nairobi,Level 2,179,143,148.0,99,117.0,121
2025-01-01,FAC_174,Kilifi,Level 4,479,497,330.0,355,402.0,385
2025-01-01,FAC_175,Nairobi,Level 4,485,394,438.0,286,295.0,270
2025-01-01,FAC_176,Turkana,Level 2,164,135,73.0,78,57.0,52
2025-01-01,FAC_177,Machakos,Level 2,174,163,92.0,92,88.0,79
2025-01-01,FAC_178,Machakos,Level 3,365,359,208.0,231,,200
2025-01-01,FAC_179,Machakos,Level 2,151,156,160.0,57,41.0,37
2025-01-01,FAC_180,Kilifi,Level 2,189,167,97.0,82,80.0,69
2025-01-01,FAC_181,Turkana,Level 2,190,195,81.0,78,60.0,62
2025-01-01,FAC_182,Kilifi,Level 4,574,586,357.0,409,468.0,382
2025-01-01,FAC_183,Kilifi,Level 3,347,288,119.0,102,129.0,129
2025-01-01,FAC_184,Turkana,Level 4,495,469,273.0,274,272.0,285
2025-01-01,FAC_185,Turkana,Level 4,561,453,323.0,318,297.0,257
2025-01-01,FAC_186,Turkana,Level 4,538,474,344.0,321,273.0,218
2025-01-01,FAC_187,Turkana,Level 2,225,186,132.0,114,140.0,130
2025-01-01,FAC_188,Machakos,Level 2,174,176,115.0,127,107.0,89
2025-01-01,FAC_189,Homa Bay,Level 2,211,174,112.0,124,,144
2025-01-01,FAC_190,Homa Bay,Level 3,392,402,160.0,172,147.0,124
2025-01-01,FAC_191,Turkana,Level 2,252,225,90.0,79,68.0,54
2025-01-01,FAC_192,Homa Bay,Level 3,372,367,248.0,268,339.0,285
2025-01-01,FAC_193,Homa Bay,Level 2,263,215,150.0,157,151.0,145
2025-01-01,FAC_194,Turkana,Level 2,287,256,175.0,148,117.0,107
2025-01-01,FAC_195,Homa Bay,Level 2,253,254,128.0,138,115.0,95
2025-01-01,FAC_196,Kilifi,Level 3,349,358,250.0,269,259.0,227
2025-01-01,FAC_197,Nairobi,Level 3,327,332,215.0,213,218.0,183
2025-01-01,FAC_198,Nairobi,Level 2,174,162,65.0,60,74.0,77
2025-01-01,FAC_199,Turkana,Level 3,315,299,145.0,133,105.0,101
2025-02-01,FAC_100,Machakos,Level 4,546,457,257.0,248,318.0,311
2025-02-01,FAC_101,Kilifi,Level 2,189,185,122.0,107,111.0,89
2025-02-01,FAC_102,Homa Bay,Level 2,216,223,94.0,104,77.0,77
2025-02-01,FAC_104,Kilifi,Level 3,340,341,141.0,160,123.0,125
2025-02-01,FAC_105,Nairobi,Level 2,244,252,184.0,199,212.0,195
2025-02-01,FAC_106,Homa Bay,Level 4,596,548,227.0,222,251.0,238
2025-02-01,FAC_107,Homa Bay,Level 3,433,397,,256,185.0,155
2025-02-01,FAC_108,Homa Bay,Level 2,287,264,113.0,103,97.0,82
2025-02-01,FAC_110,Machakos,Level 2,219,209,137.0,137,,129
2025-02-01,FAC_111,Homa Bay,Level 4,506,480,325.0,372,323.0,287
2025-02-01,FAC_112,Kilifi,Level 3,419,416,225.0,233,215.0,199
2025-02-01,FAC_113,Nairobi,Level 4,568,511,310.0,325,246.0,236
2025-02-01,FAC_114,Machakos,Level 3,318,301,183.0,168,141.0,143
2025-02-01,FAC_115,Nairobi,Level 4,528,441,245.0,277,235.0,209
2025-02-01,FAC_116,Machakos,Level 2,235,233,,166,171.0,159
2025-02-01,FAC_117,Kilifi,Level 4,480,390,243.0,219,164.0,135
2025-02-01,FAC_118,Turkana,Level 2,282,273,110.0,125,131.0,113
2025-02-01,FAC_119,Machakos,Level 2,247,205,92.0,98,78.0,66
2025-02-01,FAC_120,Nairobi,Level 2,187,161,101.0,97,68.0,58
2025-02-01,FAC_121,Kilifi,Level 4,554,553,399.0,451,539.0,521
2025-02-01,FAC_122,Machakos,Level 3,395,347,244.0,262,197.0,171
2025-02-01,FAC_123,Turkana,Level 2,289,262,187.0,176,214.0,191
2025-02-01,FAC_124,Turkana,Level 2,273,260,155.0,157,,155
2025-02-01,FAC_125,Homa Bay,Level 3,291,279,185.0,187,237.0,239
2025-02-01,FAC_126,Homa Bay,Level 2,275,256,124.0,120,123.0,121
2025-02-01,FAC_127,Nairobi,Level 2,198,202,85.0,88,81.0,68
2025-02-01,FAC_128,Machakos,Level 2,210,195,123.0,124,130.0,106
2025-02-01,FAC_130,Homa Bay,Level 3,412,342,239.0,216,189.0,188
2025-02-01,FAC_131,Machakos,Level 2,192,192,101.0,89,62.0,59
2025-02-01,FAC_132,Machakos,Level 2,190,160,84.0,90,93.0,80
2025-02-01,FAC_133,Turkana,Level 2,266,266,177.0,172,136.0,116
2025-02-01,FAC_134,Homa Bay,Level 2,222,194,93.0,96,81.0,77
2025-02-01,FAC_135,Kilifi,Level 2,152,147,81.0,86,61.0,54
2025-02-01,FAC_136,Homa Bay,Level 2,211,209,102.0,104,97.0,86
2025-02-01,FAC_137,Kilifi,Level 2,287,277,117.0,108,114.0,110
2025-02-01,FAC_138,Turkana,Level 2,266,237,124.0,122,109.0,103
2025-02-01,FAC_139,Nairobi,Level 2,222,187,101.0,110,77.0,67
2025-02-01,FAC_140,Machakos,Level 2,261,272,110.0,118,99.0,95
2025-02-01,FAC_141,Turkana,Level 2,193,183,105.0,91,70.0,59
2025-02-01,FAC_142,Machakos,Level 2,258,239,164.0,185,226.0,189
2025-02-01,FAC_143,Nairobi,Level 4,581,537,289.0,300,331.0,308
2025-02-01,FAC_144,Nairobi,Level 3,457,402,164.0,150,191.0,180
2025-02-01,FAC_145,Turkana,Level 3,415,394,176.0,193,171.0,177
2025-02-01,FAC_146,Nairobi,Level 2,241,223,107.0,115,88.0,83
2025-02-01,FAC_147,Kilifi,Level 4,616,492,199.0,190,177.0,166
2025-02-01,FAC_148,Nairobi,Level 3,457,436,219.0,197,146.0,145
2025-02-01,FAC_149,Machakos,Level 2,203,194,93.0,85,68.0,65
2025-02-01,FAC_150,Machakos,Level 4,571,550,288.0,286,230.0,206
2025-02-01,FAC_151,Machakos,Level 2,250,249,150.0,136,145.0,127
2025-02-01,FAC_152,Machakos,Level 2,182,147,77.0,80,79.0,68
2025-02-01,FAC_153,Kilifi,Level 2,285,274,187.0,207,193.0,200
2025-02-01,FAC_154,Homa Bay,Level 3,374,374,159.0,179,152.0,151
2025-02-01,FAC_155,Turkana,Level 2,276,236,167.0,186,141.0,147
2025-02-01,FAC_156,Machakos,Level 2,296,285,194.0,166,166.0,148
2025-02-01,FAC_158,Machakos,Level 2,304,270,146.0,160,118.0,106
2025-02-01,FAC_159,Nairobi,Level 3,442,378,280.0,238,203.0,175
2025-02-01,FAC_160,Nairobi,Level 4,522,459,203.0,179,177.0,182
2025-02-01,FAC_161,Machakos,Level 3,396,327,199.0,191,196.0,175
2025-02-01,FAC_162,Kilifi,Level 2,257,237,95.0,99,88.0,89
2025-02-01,FAC_163,Nairobi,Level 3,399,416,275.0,248,181.0,159
2025-02-01,FAC_164,Nairobi,Level 2,253,209,133.0,151,149.0,124
2025-02-01,FAC_165,Machakos,Level 4,609,580,253.0,222,232.0,236
2025-02-01,FAC_166,Nairobi,Level 2,238,234,165.0,149,182.0,175
2025-02-01,FAC_167,Nairobi,Level 2,219,212,112.0,112,,136
2025-02-01,FAC_168,Machakos,Level 2,174,168,111.0,110,110.0,91
2025-02-01,FAC_169,Machakos,Level 2,269,224,234.0,121,96.0,81
2025-02-01,FAC_170,Turkana,Level 3,444,435,189.0,200,146.0,134
2025-02-01,FAC_171,Kilifi,Level 2,259,248,112.0,120,154.0,131
2025-02-01,FAC_172,Kilifi,Level 3,308,303,146.0,126,148.0,146
2025-02-01,FAC_173,Nairobi,Level 2,189,174,80.0,91,104.0,102
2025-02-01,FAC_174,Kilifi,Level 4,523,440,283.0,290,324.0,334
2025-02-01,FAC_175,Nairobi,Level 4,462,413,231.0,226,285.0,278
2025-02-01,FAC_176,Turkana,Level 2,176,175,184.0,62,,59
2025-02-01,FAC_177,Machakos,Level 2,168,135,67.0,72,92.0,82
2025-02-01,FAC_178,Machakos,Level 3,347,351,146.0,148,134.0,117
2025-02-01,FAC_179,Machakos,Level 2,156,146,64.0,61,72.0,71
2025-02-01,FAC_181,Turkana,Level 2,199,168,,98,125.0,105
2025-02-01,FAC_182,Kilifi,Level 4,525,509,300.0,275,259.0,242
2025-02-01,FAC_183,Kilifi,Level 3,326,329,180.0,188,155.0,127
2025-02-01,FAC_184,Turkana,Level 4,484,482,211.0,241,283.0,261
2025-02-01,FAC_185,Turkana,Level 4,562,555,225.0,235,187.0,161
2025-02-01,FAC_186,Turkana,Level 4,568,532,230.0,214,199.0,198
2025-02-01,FAC_187,Turkana,Level 2,207,188,88.0,77,70.0,69
2025-02-01,FAC_188,Machakos,Level 2,168,172,100.0,101,80.0,76
2025-02-01,FAC_189,Homa Bay,Level 2,203,192,79.0,84,100.0,87
2025-02-01,FAC_190,Homa Bay,Level 3,387,381,195.0,194,150.0,147
2025-02-01,FAC_192,Homa Bay,Level 3,370,359,413.0,141,130.0,135
2025-02-01,FAC_193,Homa Bay,Level 2,265,262,195.0,203,180.0,155
2025-02-01,FAC_194,Turkana,Level 2,271,224,96.0,93,115.0,113
2025-02-01,FAC_195,Homa Bay,Level 2,254,250,170.0,157,112.0,110
2025-02-01,FAC_196,Kilifi,Level 3,348,292,183.0,159,118.0,104
2025-02-01,FAC_197,Nairobi,Level 3,323,320,173.0,193,162.0,162
2025-02-01,FAC_198,Nairobi,Level 2,181,144,66.0,63,52.0,46
2025-02-01,FAC_199,Turkana,Level 3,311,250,293.0,120,134.0,139
2025-03-01,FAC_100,Machakos,Level 4,546,521,310.0,313,338.0,308
2025-03-01,FAC_101,Kilifi,Level 2,177,143,85.0,93,69.0,59
2025-03-01,FAC_102,Homa Bay,Level 2,218,222,114.0,130,139.0,129
2025-03-01,FAC_103,Kilifi,Level 2,242,241,144.0,133,110.0,101
2025-03-01,FAC_104,Kilifi,Level 3,346,282,318.0,181,225.0,206
2025-03-01,FAC_105,Nairobi,Level 2,241,249,138.0,143,158.0,131
2025-03-01,FAC_107,Homa Bay,Level 3,430,394,,284,350.0,280
2025-03-01,FAC_108,Homa Bay,Level 2,278,255,142.0,147,144.0,131
2025-03-01,FAC_109,Kilifi,Level 3,402,326,225.0,210,205.0,186
2025-03-01,FAC_110,Machakos,Level 2,207,207,,103,126.0,118
2025-03-01,FAC_111,Homa Bay,Level 4,498,514,235.0,251,308.0,298
2025-03-01,FAC_112,Kilifi,Level 3,440,456,,252,284.0,286
2025-03-01,FAC_113,Nairobi,Level 4,601,601,379.0,389,400.0,410
2025-03-01,FAC_114,Machakos,Level 3,332,319,199.0,204,204.0,170
2025-03-01,FAC_115,Nairobi,Level 4,527,519,303.0,347,413.0,402
2025-03-01,FAC_116,Machakos,Level 2,232,238,162.0,160,190.0,155
2025-03-01,FAC_117,Kilifi,Level 4,473,442,310.0,284,264.0,240
2025-03-01,FAC_118,Turkana,Level 2,294,236,255.0,124,124.0,104
2025-03-01,FAC_119,Machakos,Level 2,268,237,137.0,116,108.0,107
2025-03-01,FAC_120,Nairobi,Level 2,179,180,108.0,95,76.0,79
2025-03-01,FAC_121,Kilifi,Level 4,555,457,216.0,210,196.0,172
2025-03-01,FAC_122,Machakos,Level 3,404,360,191.0,187,242.0,226
2025-03-01,FAC_123,Turkana,Level 2,264,275,184.0,182,185.0,155
2025-03-01,FAC_124,Turkana,Level 2,278,271,125.0,131,110.0,110
2025-03-01,FAC_125,Homa Bay,Level 3,317,265,181.0,196,223.0,195
2025-03-01,FAC_126,Homa Bay,Level 2,292,244,170.0,190,148.0,140
2025-03-01,FAC_127,Nairobi,Level 2,190,187,211.0,108,77.0,80
2025-03-01,FAC_128,Machakos,Level 2,213,196,99.0,99,102.0,92
2025-03-01,FAC_129,Machakos,Level 2,250,255,142.0,146,154.0,154
2025-03-01,FAC_130,Homa Bay,Level 3,391,375,189.0,178,151.0,121
2025-03-01,FAC_131,Machakos,Level 2,206,212,87.0,87,93.0,89
2025-03-01,FAC_132,Machakos,Level 2,188,187,,159,119.0,95
2025-03-01,FAC_133,Turkana,Level 2,250,200,145.0,158,194.0,189
2025-03-01,FAC_134,Homa Bay,Level 2,224,217,88.0,89,,90
2025-03-01,FAC_135,Kilifi,Level 2,156,151,66.0,60,59.0,49
2025-03-01,FAC_136,Homa Bay,Level 2,210,189,94.0,87,62.0,58
2025-03-01,FAC_137,Kilifi,Level 2,265,226,123.0,111,125.0,127
2025-03-01,FAC_138,Turkana,Level 2,282,262,147.0,138,120.0,112
2025-03-01,FAC_139,Nairobi,Level 2,214,179,126.0,134,115.0,103
2025-03-01,FAC_140,Machakos,Level 2,277,262,186.0,184,166.0,171
2025-03-01,FAC_141,Turkana,Level 2,180,169,118.0,132,167.0,151
2025-03-01,FAC_142,Machakos,Level 2,254,205,122.0,134,148.0,123
2025-03-01,FAC_143,Nairobi,Level 4,574,477,303.0,281,276.0,264
2025-03-01,FAC_144,Nairobi,Level 3,437,444,251.0,261,303.0,242
2025-03-01,FAC_145,Turkana,Level 3,419,410,217.0,232,252.0,251
2025-03-01,FAC_146,Nairobi,Level 2,252,209,137.0,118,130.0,119
2025-03-01,FAC_147,Kilifi,Level 4,605,608,409.0,359,399.0,343
2025-03-01,FAC_148,Nairobi,Level 3,466,376,247.0,277,238.0,233
2025-03-01,FAC_149,Machakos,Level 2,206,188,92.0,81,98.0,92
2025-03-01,FAC_150,Machakos,Level 4,558,507,261.0,279,232.0,222
2025-03-01,FAC_151,Machakos,Level 2,254,259,164.0,180,191.0,166
2025-03-01,FAC_152,Machakos,Level 2,195,201,122.0,105,115.0,108
2025-03-01,FAC_153,Kilifi,Level 2,297,285,169.0,154,174.0,166
2025-03-01,FAC_154,Homa Bay,Level 3,350,365,213.0,191,207.0,207
2025-03-01,FAC_155,Turkana,Level 2,279,227,,163,162.0,138
2025-03-01,FAC_156,Machakos,Level 2,296,263,192.0,198,248.0,245
2025-03-01,FAC_157,Nairobi,Level 3,309,313,177.0,186,145.0,152
2025-03-01,FAC_158,Machakos,Level 2,284,272,156.0,177,179.0,153
2025-03-01,FAC_159,Nairobi,Level 3,417,334,135.0,144,131.0,127
2025-03-01,FAC_161,Machakos,Level 3,429,426,216.0,213,248.0,257
2025-03-01,FAC_162,Kilifi,Level 2,261,259,137.0,149,108.0,108
2025-03-01,FAC_163,Nairobi,Level 3,400,344,186.0,158,196.0,164
2025-03-01,FAC_164,Nairobi,Level 2,248,228,141.0,121,88.0,80
2025-03-01,FAC_166,Nairobi,Level 2,232,209,145.0,161,206.0,166
2025-03-01,FAC_167,Nairobi,Level 2,226,189,120.0,117,132.0,124
2025-03-01,FAC_168,Machakos,Level 2,163,147,105.0,101,116.0,116
2025-03-01,FAC_169,Machakos,Level 2,270,235,263.0,136,119.0,121
2025-03-01,FAC_170,Turkana,Level 3,423,415,,305,307.0,281
2025-03-01,FAC_171,Kilifi,Level 2,261,244,143.0,124,113.0,110
2025-03-01,FAC_172,Kilifi,Level 3,318,324,135.0,127,144.0,138
2025-03-01,FAC_173,Nairobi,Level 2,194,194,94.0,83,74.0,77
2025-03-01,FAC_174,Kilifi,Level 4,502,420,223.0,239,170.0,147
2025-03-01,FAC_175,Nairobi,Level 4,475,422,308.0,273,282.0,280
2025-03-01,FAC_177,Machakos,Level 2,170,143,62.0,54,41.0,41
2025-03-01,FAC_178,Machakos,Level 3,347,296,187.0,165,191.0,184
2025-03-01,FAC_179,Machakos,Level 2,152,140,74.0,63,73.0,60
2025-03-01,FAC_180,Kilifi,Level 2,190,178,102.0,103,105.0,95
2025-03-01,FAC_181,Turkana,Level 2,203,198,145.0,161,190.0,184
2025-03-01,FAC_182,Kilifi,Level 4,548,448,228.0,251,323.0,309
2025-03-01,FAC_183,Kilifi,Level 3,319,286,133.0,150,143.0,145
2025-03-01,FAC_184,Turkana,Level 4,474,418,266.0,242,224.0,234
2025-03-01,FAC_185,Turkana,Level 4,563,560,,323,408.0,419
2025-03-01,FAC_187,Turkana,Level 2,217,226,134.0,137,112.0,104
2025-03-01,FAC_188,Machakos,Level 2,178,170,100.0,89,94.0,79
2025-03-01,FAC_189,Homa Bay,Level 2,206,188,81.0,84,94.0,83
2025-03-01,FAC_190,Homa Bay,Level 3,406,378,396.0,162,157.0,149
2025-03-01,FAC_191,Turkana,Level 2,270,258,289.0,131,165.0,154
2025-03-01,FAC_192,Homa Bay,Level 3,389,383,181.0,180,206.0,181
2025-03-01,FAC_193,Homa Bay,Level 2,285,286,165.0,189,158.0,148
2025-03-01,FAC_194,Turkana,Level 2,283,284,118.0,101,92.0,73
2025-03-01,FAC_195,Homa Bay,Level 2,251,214,130.0,125,112.0,114
2025-03-01,FAC_196,Kilifi,Level 3,351,315,182.0,208,181.0,179
2025-03-01,FAC_197,Nairobi,Level 3,332,337,242.0,208,243.0,219
2025-03-01,FAC_198,Nairobi,Level 2,174,162,72.0,70,70.0,69
2025-03-01,FAC_199,Turkana,Level 3,309,283,116.0,108,121.0,97
2025-04-01,FAC_100,Machakos,Level 4,521,519,378.0,403,,438
2025-04-01,FAC_102,Homa Bay,Level 2,212,154,65.0,52,43.0,43
2025-04-01,FAC_103,Kilifi,Level 2,242,156,111.0,89,80.0,74
2025-04-01,FAC_104,Kilifi,Level 3,332,203,102.0,75,84.0,75
2025-04-01,FAC_105,Nairobi,Level 2,259,241,162.0,164,148.0,133
2025-04-01,FAC_106,Homa Bay,Level 4,587,383,181.0,128,108.0,93
2025-04-01,FAC_107,Homa Bay,Level 3,462,348,245.0,181,208.0,176
2025-04-01,FAC_108,Homa Bay,Level 2,272,223,127.0,104,133.0,123
2025-04-01,FAC_109,Kilifi,Level 3,399,334,205.0,181,171.0,174
2025-04-01,FAC_110,Machakos,Level 2,216,210,139.0,154,126.0,104
2025-04-01,FAC_111,Homa Bay,Level 4,517,362,146.0,115,81.0,70
2025-04-01,FAC_112,Kilifi,Level 3,417,342,202.0,161,162.0,169
2025-04-01,FAC_113,Nairobi,Level 4,588,480,,333,307.0,273
2025-04-01,FAC_114,Machakos,Level 3,330,332,,239,180.0,148
2025-04-01,FAC_115,Nairobi,Level 4,522,485,253.0,272,192.0,163
2025-04-01,FAC_116,Machakos,Level 2,231,207,94.0,96,92.0,91
2025-04-01,FAC_117,Kilifi,Level 4,484,360,192.0,132,139.0,141
2025-04-01,FAC_118,Turkana,Level 2,284,186,103.0,92,88.0,82
2025-04-01,FAC_119,Machakos,Level 2,249,232,159.0,148,161.0,161
2025-04-01,FAC_120,Nairobi,Level 2,178,186,125.0,134,105.0,89
2025-04-01,FAC_121,Kilifi,Level 4,599,472,330.0,266,218.0,202
2025-04-01,FAC_122,Machakos,Level 3,375,370,253.0,288,344.0,352
2025-04-01,FAC_123,Turkana,Level 2,264,191,96.0,84,,104
2025-04-01,FAC_124,Turkana,Level 2,264,149,,70,54.0,50
2025-04-01,FAC_125,Homa Bay,Level 3,299,185,115.0,91,71.0,67
2025-04-01,FAC_126,Homa Bay,Level 2,282,214,120.0,94,114.0,104
2025-04-01,FAC_127,Nairobi,Level 2,206,183,128.0,144,155.0,126
2025-04-01,FAC_128,Machakos,Level 2,209,206,140.0,127,92.0,86
2025-04-01,FAC_129,Machakos,Level 2,249,200,92.0,90,100.0,102
2025-04-01,FAC_131,Machakos,Level 2,207,198,84.0,73,77.0,75
2025-04-01,FAC_132,Machakos,Level 2,190,163,104.0,104,133.0,129
2025-04-01,FAC_134,Homa Bay,Level 2,223,158,96.0,79,92.0,76
2025-04-01,FAC_135,Kilifi,Level 2,153,111,65.0,52,41.0,37
2025-04-01,FAC_136,Homa Bay,Level 2,201,163,74.0,49,38.0,32
2025-04-01,FAC_137,Kilifi,Level 2,287,192,97.0,65,80.0,79
2025-04-01,FAC_138,Turkana,Level 2,267,214,131.0,107,,109
2025-04-01,FAC_139,Nairobi,Level 2,225,204,151.0,160,139.0,123
2025-04-01,FAC_140,Machakos,Level 2,285,275,,131,151.0,156
2025-04-01,FAC_141,Turkana,Level 2,189,143,90.0,76,58.0,56
2025-04-01,FAC_142,Machakos,Level 2,275,276,159.0,159,194.0,174
2025-04-01,FAC_143,Nairobi,Level 4,575,478,334.0,369,366.0,329
2025-04-01,FAC_144,Nairobi,Level 3,445,397,267.0,302,373.0,329
2025-04-01,FAC_145,Turkana,Level 3,443,269,156.0,112,128.0,122
2025-04-01,FAC_146,Nairobi,Level 2,235,203,120.0,112,94.0,97
2025-04-01,FAC_148,Nairobi,Level 3,450,360,241.0,249,287.0,266
2025-04-01,FAC_149,Machakos,Level 2,205,188,119.0,102,110.0,94
2025-04-01,FAC_150,Machakos,Level 4,555,530,263.0,296,384.0,383
2025-04-01,FAC_151,Machakos,Level 2,252,250,180.0,202,225.0,214
2025-04-01,FAC_152,Machakos,Level 2,193,164,97.0,106,133.0,118
2025-04-01,FAC_153,Kilifi,Level 2,280,188,94.0,65,47.0,45
2025-04-01,FAC_154,Homa Bay,Level 3,351,264,152.0,135,122.0,111
2025-04-01,FAC_155,Turkana,Level 2,276,196,88.0,79,59.0,61
2025-04-01,FAC_156,Machakos,Level 2,287,243,111.0,117,101.0,89
2025-04-01,FAC_157,Nairobi,Level 3,292,237,169.0,157,126.0,110
2025-04-01,FAC_158,Machakos,Level 2,294,298,145.0,160,146.0,144
2025-04-01,FAC_159,Nairobi,Level 3,427,419,305.0,338,403.0,339
2025-04-01,FAC_160,Nairobi,Level 4,525,437,,294,274.0,243
2025-04-01,FAC_161,Machakos,Level 3,418,345,243.0,257,243.0,228
2025-04-01,FAC_162,Kilifi,Level 2,260,152,80.0,58,48.0,49
2025-04-01,FAC_163,Nairobi,Level 3,425,363,256.0,275,285.0,245
2025-04-01,FAC_164,Nairobi,Level 2,254,218,98.0,84,85.0,72
2025-04-01,FAC_165,Machakos,Level 4,606,620,409.0,457,537.0,450
2025-04-01,FAC_166,Nairobi,Level 2,238,211,151.0,136,106.0,100
2025-04-01,FAC_167,Nairobi,Level 2,210,168,107.0,104,110.0,113
2025-04-01,FAC_168,Machakos,Level 2,172,151,109.0,99,83.0,77
2025-04-01,FAC_169,Machakos,Level 2,281,241,153.0,132,117.0,106
2025-04-01,FAC_170,Turkana,Level 3,455,331,164.0,119,123.0,99
2025-04-01,FAC_171,Kilifi,Level 2,264,175,89.0,66,58.0,58
2025-04-01,FAC_172,Kilifi,Level 3,315,192,219.0,69,,67
2025-04-01,FAC_173,Nairobi,Level 2,182,150,100.0,98,83.0,77
2025-04-01,FAC_174,Kilifi,Level 4,519,409,265.0,196,164.0,139
2025-04-01,FAC_175,Nairobi,Level 4,458,410,252.0,273,354.0,300
2025-04-01,FAC_176,Turkana,Level 2,164,118,64.0,51,59.0,49
2025-04-01,FAC_177,Machakos,Level 2,180,175,90.0,77,61.0,53
2025-04-01,FAC_178,Machakos,Level 3,376,329,162.0,151,108.0,111
2025-04-01,FAC_179,Machakos,Level 2,158,155,113.0,106,89.0,86
2025-04-01,FAC_180,Kilifi,Level 2,189,138,91.0,71,57.0,46
2025-04-01,FAC_181,Turkana,Level 2,191,115,49.0,31,33.0,28
2025-04-01,FAC_182,Kilifi,Level 4,568,453,258.0,213,176.0,149
2025-04-01,FAC_183,Kilifi,Level 3,343,232,102.0,84,88.0,77
2025-04-01,FAC_185,Turkana,Level 4,539,334,146.0,121,142.0,118
2025-04-01,FAC_186,Turkana,Level 4,573,366,150.0,100,96.0,88
2025-04-01,FAC_187,Turkana,Level 2,221,164,122.0,92,89.0,84
2025-04-01,FAC_188,Machakos,Level 2,165,149,74.0,65,69.0,64
2025-04-01,FAC_189,Homa Bay,Level 2,196,155,104.0,83,61.0,53
2025-04-01,FAC_190,Homa Bay,Level 3,388,335,341.0,179,140.0,112
2025-04-01,FAC_191,Turkana,Level 2,267,183,114.0,80,89.0,73
2025-04-01,FAC_192,Homa Bay,Level 3,381,221,136.0,107,105.0,104
2025-04-01,FAC_193,Homa Bay,Level 2,279,205,139.0,102,72.0,64
2025-04-01,FAC_194,Turkana,Level 2,287,199,138.0,122,142.0,148
2025-04-01,FAC_195,Homa Bay,Level 2,255,173,114.0,101,90.0,74
2025-04-01,FAC_196,Kilifi,Level 3,355,243,107.0,99,96.0,88
2025-04-01,FAC_197,Nairobi,Level 3,330,288,308.0,208,164.0,134
2025-04-01,FAC_198,Nairobi,Level 2,181,169,115.0,120,155.0,132
2025-04-01,FAC_199,Turkana,Level 3,298,256,138.0,98,121.0,110
2025-05-01,FAC_100,Machakos,Level 4,520,527,320.0,307,350.0,338
2025-05-01,FAC_101,Kilifi,Level 2,187,149,64.0,51,59.0,51
2025-05-01,FAC_102,Homa Bay,Level 2,205,149,74.0,54,62.0,59
2025-05-01,FAC_103,Kilifi,Level 2,237,146,106.0,69,64.0,60
2025-05-01,FAC_105,Nairobi,Level 2,240,245,104.0,119,133.0,132
2025-05-01,FAC_106,Homa Bay,Level 4,593,519,358.0,342,368.0,380
2025-05-01,FAC_107,Homa Bay,Level 3,443,318,191.0,171,167.0,136
2025-05-01,FAC_108,Homa Bay,Level 2,274,203,143.0,117,81.0,77
2025-05-01,FAC_109,Kilifi,Level 3,387,289,129.0,88,75.0,69
2025-05-01,FAC_110,Machakos,Level 2,204,197,81.0,85,70.0,56
2025-05-01,FAC_111,Homa Bay,Level 4,488,338,215.0,143,114.0,116
2025-05-01,FAC_112,Kilifi,Level 3,435,297,167.0,118,104.0,103
2025-05-01,FAC_113,Nairobi,Level 4,573,555,284.0,269,251.0,238
2025-05-01,FAC_114,Machakos,Level 3,351,281,200.0,217,,205
2025-05-01,FAC_115,Nairobi,Level 4,523,464,481.0,252,205.0,187
2025-05-01,FAC_116,Machakos,Level 2,227,206,96.0,96,71.0,60
2025-05-01,FAC_117,Kilifi,Level 4,470,352,161.0,101,99.0,79
2025-05-01,FAC_118,Turkana,Level 2,276,213,113.0,79,62.0,61
2025-05-01,FAC_119,Machakos,Level 2,266,276,,177,174.0,139
2025-05-01,FAC_120,Nairobi,Level 2,187,159,77.0,86,100.0,100
2025-05-01,FAC_121,Kilifi,Level 4,567,408,227.0,204,240.0,237
2025-05-01,FAC_122,Machakos,Level 3,398,390,162.0,142,123.0,119
2025-05-01,FAC_123,Turkana,Level 2,285,209,246.0,82,105.0,98
2025-05-01,FAC_124,Turkana,Level 2,261,176,83.0,51,45.0,44
2025-05-01,FAC_125,Homa Bay,Level 3,312,227,167.0,124,,130
2025-05-01,FAC_126,Homa Bay,Level 2,294,214,113.0,72,58.0,60
2025-05-01,FAC_127,Nairobi,Level 2,203,193,216.0,124,160.0,128
2025-05-01,FAC_128,Machakos,Level 2,200,180,94.0,100,112.0,106
2025-05-01,FAC_129,Machakos,Level 2,248,210,107.0,93,111.0,95
2025-05-01,FAC_130,Homa Bay,Level 3,405,296,138.0,99,95.0,83
2025-05-01,FAC_131,Machakos,Level 2,194,170,92.0,84,63.0,55
2025-05-01,FAC_132,Machakos,Level 2,179,144,93.0,82,69.0,66
2025-05-01,FAC_133,Turkana,Level 2,264,188,128.0,89,75.0,66
2025-05-01,FAC_134,Homa Bay,Level 2,227,164,99.0,83,66.0,64
2025-05-01,FAC_135,Kilifi,Level 2,143,102,54.0,38,33.0,28
2025-05-01,FAC_136,Homa Bay,Level 2,206,172,195.0,87,67.0,64
2025-05-01,FAC_137,Kilifi,Level 2,264,177,83.0,66,82.0,66
2025-05-01,FAC_139,Nairobi,Level 2,223,183,97.0,108,85.0,71
2025-05-01,FAC_140,Machakos,Level 2,284,257,159.0,152,119.0,101
2025-05-01,FAC_141,Turkana,Level 2,177,141,96.0,81,72.0,71
2025-05-01,FAC_142,Machakos,Level 2,252,251,179.0,195,146.0,138
2025-05-01,FAC_143,Nairobi,Level 4,609,606,300.0,263,318.0,280
2025-05-01,FAC_144,Nairobi,Level 3,431,377,159.0,135,130.0,106
2025-05-01,FAC_146,Nairobi,Level 2,236,235,160.0,164,122.0,117
2025-05-01,FAC_147,Kilifi,Level 4,617,444,191.0,176,194.0,186
2025-05-01,FAC_148,Nairobi,Level 3,444,443,329.0,371,349.0,320
2025-05-01,FAC_149,Machakos,Level 2,197,164,100.0,94,69.0,61
2025-05-01,FAC_150,Machakos,Level 4,584,593,264.0,270,350.0,359
2025-05-01,FAC_151,Machakos,Level 2,253,213,97.0,83,64.0,57
2025-05-01,FAC_152,Machakos,Level 2,190,193,113.0,109,129.0,132
2025-05-01,FAC_153,Kilifi,Level 2,286,208,,87,105.0,90
2025-05-01,FAC_154,Homa Bay,Level 3,358,245,145.0,112,133.0,131
2025-05-01,FAC_155,Turkana,Level 2,270,190,92.0,79,89.0,76
2025-05-01,FAC_156,Machakos,Level 2,281,277,137.0,119,115.0,113
2025-05-01,FAC_157,Nairobi,Level 3,316,305,125.0,107,126.0,110
2025-05-01,FAC_158,Machakos,Level 2,307,276,193.0,195,236.0,208
2025-05-01,FAC_159,Nairobi,Level 3,447,365,272.0,242,247.0,209
2025-05-01,FAC_160,Nairobi,Level 4,496,451,334.0,357,364.0,367
2025-05-01,FAC_162,Kilifi,Level 2,257,218,,110,78.0,77
2025-05-01,FAC_163,Nairobi,Level 3,397,364,239.0,234,231.0,197
2025-05-01,FAC_164,Nairobi,Level 2,235,235,174.0,174,213.0,221
2025-05-01,FAC_165,Machakos,Level 4,606,514,286.0,299,283.0,273
2025-05-01,FAC_166,Nairobi,Level 2,224,189,138.0,128,164.0,161
2025-05-01,FAC_167,Nairobi,Level 2,221,204,140.0,145,143.0,131
2025-05-01,FAC_168,Machakos,Level 2,169,157,103.0,109,136.0,136
2025-05-01,FAC_169,Machakos,Level 2,280,281,180.0,166,158.0,164
2025-05-01,FAC_171,Kilifi,Level 2,264,210,98.0,79,73.0,67
2025-05-01,FAC_172,Kilifi,Level 3,307,244,159.0,109,89.0,83
2025-05-01,FAC_173,Nairobi,Level 2,193,173,84.0,80,61.0,57
2025-05-01,FAC_174,Kilifi,Level 4,497,302,213.0,148,156.0,132
2025-05-01,FAC_175,Nairobi,Level 4,476,450,481.0,270,224.0,228
2025-05-01,FAC_176,Turkana,Level 2,165,131,61.0,49,43.0,39
2025-05-01,FAC_177,Machakos,Level 2,182,190,128.0,121,124.0,100
2025-05-01,FAC_178,Machakos,Level 3,344,308,186.0,192,189.0,182
2025-05-01,FAC_179,Machakos,Level 2,152,122,65.0,65,60.0,57
2025-05-01,FAC_181,Turkana,Level 2,197,152,87.0,60,42.0,37
2025-05-01,FAC_182,Kilifi,Level 4,561,480,274.0,251,238.0,208
2025-05-01,FAC_183,Kilifi,Level 3,325,235,144.0,93,96.0,90
2025-05-01,FAC_184,Turkana,Level 4,487,339,233.0,203,156.0,130
2025-05-01,FAC_185,Turkana,Level 4,566,470,309.0,231,258.0,218
2025-05-01,FAC_186,Turkana,Level 4,542,445,466.0,220,247.0,253
2025-05-01,FAC_187,Turkana,Level 2,220,141,149.0,56,48.0,40
2025-05-01,FAC_188,Machakos,Level 2,178,159,91.0,97,114.0,95
2025-05-01,FAC_189,Homa Bay,Level 2,198,161,113.0,101,73.0,59
2025-05-01,FAC_190,Homa Bay,Level 3,409,259,129.0,96,112.0,110
2025-05-01,FAC_191,Turkana,Level 2,256,188,139.0,124,116.0,105
2025-05-01,FAC_192,Homa Bay,Level 3,402,244,131.0,107,97.0,93
2025-05-01,FAC_194,Turkana,Level 2,276,238,142.0,112,113.0,114
2025-05-01,FAC_195,Homa Bay,Level 2,247,147,80.0,52,53.0,44
2025-05-01,FAC_196,Kilifi,Level 3,342,241,,124,150.0,146
2025-05-01,FAC_197,Nairobi,Level 3,332,268,177.0,158,161.0,136
2025-05-01,FAC_198,Nairobi,Level 2,181,166,105.0,98,105.0,88
2025-05-01,FAC_199,Turkana,Level 3,325,251,122.0,114,93.0,96
2025-06-01,FAC_100,Machakos,Level 4,537,472,190.0,178,128.0,118
2025-06-01,FAC_101,Kilifi,Level 2,175,182,84.0,83,98.0,80
2025-06-01,FAC_102,Homa Bay,Level 2,213,219,231.0,154,144.0,123
2025-06-01,FAC_103,Kilifi,Level 2,236,208,112.0,116,125.0,126
2025-06-01,FAC_104,Kilifi,Level 3,326,309,176.0,162,141.0,145
2025-06-01,FAC_105,Nairobi,Level 2,254,210,154.0,157,173.0,139
2025-06-01,FAC_106,Homa Bay,Level 4,567,536,262.0,233,274.0,253
2025-06-01,FAC_107,Homa Bay,Level 3,456,418,219.0,233,225.0,232
2025-06-01,FAC_108,Homa Bay,Level 2,291,295,220.0,194,139.0,136
2025-06-01,FAC_109,Kilifi,Level 3,371,373,189.0,189,227.0,218
2025-06-01,FAC_110,Machakos,Level 2,216,225,232.0,101,120.0,96
2025-06-01,FAC_111,Homa Bay,Level 4,498,430,224.0,225,174.0,181
2025-06-01,FAC_112,Kilifi,Level 3,411,330,153.0,173,168.0,146
2025-06-01,FAC_113,Nairobi,Level 4,596,594,442.0,443,551.0,548
2025-06-01,FAC_114,Machakos,Level 3,349,283,167.0,155,152.0,133
2025-06-01,FAC_115,Nairobi,Level 4,524,526,282.0,301,275.0,224
2025-06-01,FAC_116,Machakos,Level 2,234,228,122.0,116,136.0,130
2025-06-01,FAC_117,Kilifi,Level 4,499,516,570.0,367,421.0,359
2025-06-01,FAC_118,Turkana,Level 2,293,241,101.0,87,105.0,85
2025-06-01,FAC_119,Machakos,Level 2,246,237,,114,80.0,81
2025-06-01,FAC_120,Nairobi,Level 2,176,163,110.0,116,94.0,92
2025-06-01,FAC_121,Kilifi,Level 4,558,517,359.0,381,416.0,423
2025-06-01,FAC_122,Machakos,Level 3,397,356,158.0,161,182.0,151
2025-06-01,FAC_123,Turkana,Level 2,283,285,146.0,131,105.0,91
2025-06-01,FAC_124,Turkana,Level 2,278,232,271.0,162,114.0,112
2025-06-01,FAC_125,Homa Bay,Level 3,306,304,351.0,158,157.0,125
2025-06-01,FAC_126,Homa Bay,Level 2,283,275,188.0,177,223.0,216
2025-06-01,FAC_127,Nairobi,Level 2,194,167,118.0,125,,105
2025-06-01,FAC_128,Machakos,Level 2,200,203,143.0,140,123.0,120
2025-06-01,FAC_129,Machakos,Level 2,234,230,93.0,84,70.0,67
2025-06-01,FAC_130,Homa Bay,Level 3,398,404,224.0,248,295.0,308
2025-06-01,FAC_131,Machakos,Level 2,193,181,,102,97.0,91
2025-06-01,FAC_132,Machakos,Level 2,192,161,95.0,93,66.0,60
2025-06-01,FAC_133,Turkana,Level 2,265,215,119.0,111,108.0,90
2025-06-01,FAC_134,Homa Bay,Level 2,239,228,250.0,136,116.0,116
2025-06-01,FAC_135,Kilifi,Level 2,156,144,72.0,70,90.0,76
2025-06-01,FAC_136,Homa Bay,Level 2,203,196,96.0,94,73.0,71
2025-06-01,FAC_137,Kilifi,Level 2,270,246,175.0,169,201.0,209
2025-06-01,FAC_138,Turkana,Level 2,291,295,135.0,133,156.0,148
2025-06-01,FAC_139,Nairobi,Level 2,210,189,195.0,103,126.0,116
2025-06-01,FAC_140,Machakos,Level 2,278,263,124.0,107,112.0,112
2025-06-01,FAC_141,Turkana,Level 2,195,169,91.0,86,107.0,111
2025-06-01,FAC_142,Machakos,Level 2,270,236,99.0,103,78.0,62
2025-06-01,FAC_145,Turkana,Level 3,438,431,247.0,220,277.0,245
2025-06-01,FAC_146,Nairobi,Level 2,236,226,92.0,92,97.0,92
2025-06-01,FAC_147,Kilifi,Level 4,611,599,421.0,408,517.0,464
2025-06-01,FAC_148,Nairobi,Level 3,432,453,267.0,306,391.0,355
2025-06-01,FAC_149,Machakos,Level 2,204,208,133.0,140,123.0,121
2025-06-01,FAC_150,Machakos,Level 4,567,500,305.0,330,245.0,236
2025-06-01,FAC_151,Machakos,Level 2,264,230,93.0,79,100.0,85
2025-06-01,FAC_152,Machakos,Level 2,193,156,182.0,100,83.0,70
2025-06-01,FAC_153,Kilifi,Level 2,295,261,,202,253.0,212
2025-06-01,FAC_154,Homa Bay,Level 3,343,345,193.0,214,175.0,181
2025-06-01,FAC_155,Turkana,Level 2,279,270,125.0,123,91.0,91
2025-06-01,FAC_156,Machakos,Level 2,289,238,130.0,139,167.0,156
2025-06-01,FAC_157,Nairobi,Level 3,296,263,126.0,109,77.0,63
2025-06-01,FAC_158,Machakos,Level 2,285,258,134.0,114,111.0,107
2025-06-01,FAC_159,Nairobi,Level 3,420,359,251.0,247,245.0,209
2025-06-01,FAC_160,Nairobi,Level 4,500,517,379.0,393,,393
2025-06-01,FAC_161,Machakos,Level 3,408,358,242.0,227,221.0,182
2025-06-01,FAC_163,Nairobi,Level 3,397,322,194.0,175,123.0,123
2025-06-01,FAC_164,Nairobi,Level 2,241,197,131.0,150,135.0,110
2025-06-01,FAC_165,Machakos,Level 4,611,519,254.0,246,234.0,217
2025-06-01,FAC_166,Nairobi,Level 2,220,177,79.0,84,98.0,84
2025-06-01,FAC_167,Nairobi,Level 2,219,229,120.0,120,93.0,87
2025-06-01,FAC_168,Machakos,Level 2,176,155,83.0,90,101.0,87
2025-06-01,FAC_169,Machakos,Level 2,263,252,125.0,119,95.0,90
2025-06-01,FAC_170,Turkana,Level 3,453,437,493.0,257,277.0,251
2025-06-01,FAC_171,Kilifi,Level 2,270,225,159.0,182,169.0,142
2025-06-01,FAC_172,Kilifi,Level 3,323,306,338.0,174,194.0,157
2025-06-01,FAC_173,Nairobi,Level 2,185,154,77.0,86,60.0,56
2025-06-01,FAC_174,Kilifi,Level 4,485,418,288.0,286,360.0,345
2025-06-01,FAC_175,Nairobi,Level 4,496,453,209.0,180,176.0,178
2025-06-01,FAC_176,Turkana,Level 2,167,134,93.0,96,108.0,98
2025-06-01,FAC_178,Machakos,Level 3,359,374,150.0,132,132.0,106
2025-06-01,FAC_179,Machakos,Level 2,160,160,111.0,95,78.0,80
2025-06-01,FAC_180,Kilifi,Level 2,194,168,125.0,121,155.0,149
2025-06-01,FAC_181,Turkana,Level 2,197,201,124.0,109,131.0,109
2025-06-01,FAC_182,Kilifi,Level 4,557,541,281.0,307,254.0,237
2025-06-01,FAC_183,Kilifi,Level 3,325,306,162.0,150,140.0,146
2025-06-01,FAC_184,Turkana,Level 4,504,405,169.0,160,203.0,208
2025-06-01,FAC_185,Turkana,Level 4,527,522,247.0,270,275.0,279
2025-06-01,FAC_186,Turkana,Level 4,573,567,342.0,293,226.0,215
2025-06-01,FAC_187,Turkana,Level 2,223,207,131.0,121,106.0,84
2025-06-01,FAC_188,Machakos,Level 2,166,151,168.0,73,90.0,87
2025-06-01,FAC_189,Homa Bay,Level 2,208,208,111.0,95,82.0,74
2025-06-01,FAC_190,Homa Bay,Level 3,406,332,155.0,148,135.0,125
2025-06-01,FAC_191,Turkana,Level 2,271,239,100.0,102,128.0,125
2025-06-01,FAC_192,Homa Bay,Level 3,386,362,268.0,236,275.0,231
2025-06-01,FAC_193,Homa Bay,Level 2,286,249,106.0,111,99.0,86
2025-06-01,FAC_194,Turkana,Level 2,285,233,147.0,146,127.0,124
2025-06-01,FAC_195,Homa Bay,Level 2,252,253,161.0,176,168.0,142
2025-06-01,FAC_196,Kilifi,Level 3,332,275,121.0,129,115.0,92
2025-06-01,FAC_197,Nairobi,Level 3,336,271,177.0,161,123.0,110
2025-06-01,FAC_198,Nairobi,Level 2,178,147,89.0,81,99.0,84
2025-06-01,FAC_199,Turkana,Level 3,318,263,183.0,181,233.0,229
2025-07-01,FAC_100,Machakos,Level 4,496,446,333.0,350,281.0,275
2025-07-01,FAC_101,Kilifi,Level 2,186,195,123.0,138,97.0,95
2025-07-01,FAC_102,Homa Bay,Level 2,204,192,120.0,118,102.0,91
2025-07-01,FAC_103,Kilifi,Level 2,257,242,124.0,124,123.0,101
2025-07-01,FAC_104,Kilifi,Level 3,329,270,,116,95.0,99
2025-07-01,FAC_105,Nairobi,Level 2,260,214,157.0,133,164.0,152
2025-07-01,FAC_106,Homa Bay,Level 4,579,508,343.0,383,427.0,367
2025-07-01,FAC_107,Homa Bay,Level 3,441,415,168.0,161,151.0,151
2025-07-01,FAC_108,Homa Bay,Level 2,299,244,127.0,126,88.0,81
2025-07-01,FAC_109,Kilifi,Level 3,383,346,185.0,169,140.0,137
2025-07-01,FAC_110,Machakos,Level 2,205,164,70.0,78,68.0,59
2025-07-01,FAC_111,Homa Bay,Level 4,521,504,376.0,372,376.0,318
2025-07-01,FAC_112,Kilifi,Level 3,446,394,281.0,295,324.0,295
2025-07-01,FAC_113,Nairobi,Level 4,599,570,397.0,433,435.0,354
2025-07-01,FAC_114,Machakos,Level 3,321,299,128.0,137,175.0,171
2025-07-01,FAC_115,Nairobi,Level 4,528,515,583.0,233,251.0,211
2025-07-01,FAC_116,Machakos,Level 2,231,219,152.0,151,171.0,150
2025-07-01,FAC_117,Kilifi,Level 4,484,397,253.0,242,180.0,163
2025-07-01,FAC_118,Turkana,Level 2,288,293,141.0,136,117.0,105
2025-07-01,FAC_119,Machakos,Level 2,263,269,170.0,178,192.0,192
2025-07-01,FAC_120,Nairobi,Level 2,182,157,117.0,99,78.0,77
2025-07-01,FAC_121,Kilifi,Level 4,601,527,249.0,279,285.0,272
2025-07-01,FAC_122,Machakos,Level 3,391,318,229.0,207,220.0,213
2025-07-01,FAC_123,Turkana,Level 2,290,235,102.0,107,116.0,118
2025-07-01,FAC_125,Homa Bay,Level 3,312,282,176.0,183,143.0,130
2025-07-01,FAC_126,Homa Bay,Level 2,297,270,159.0,162,,198
2025-07-01,FAC_127,Nairobi,Level 2,195,192,90.0,81,62.0,54
2025-07-01,FAC_128,Machakos,Level 2,214,185,131.0,124,130.0,107
2025-07-01,FAC_129,Machakos,Level 2,244,206,135.0,134,99.0,94
2025-07-01,FAC_130,Homa Bay,Level 3,427,417,270.0,282,230.0,192
2025-07-01,FAC_131,Machakos,Level 2,196,186,77.0,66,65.0,61
2025-07-01,FAC_132,Machakos,Level 2,191,199,127.0,144,142.0,138
2025-07-01,FAC_133,Turkana,Level 2,273,267,127.0,138,141.0,135
2025-07-01,FAC_134,Homa Bay,Level 2,235,230,142.0,137,175.0,144
2025-07-01,FAC_135,Kilifi,Level 2,145,126,53.0,48,44.0,40
2025-07-01,FAC_136,Homa Bay,Level 2,203,211,129.0,142,102.0,98
2025-07-01,FAC_137,Kilifi,Level 2,273,281,132.0,113,85.0,86
2025-07-01,FAC_138,Turkana,Level 2,280,275,170.0,193,213.0,218
2025-07-01,FAC_139,Nairobi,Level 2,213,216,103.0,97,80.0,82
2025-07-01,FAC_140,Machakos,Level 2,277,264,195.0,185,187.0,195
2025-07-01,FAC_141,Turkana,Level 2,191,188,96.0,90,76.0,61
2025-07-01,FAC_142,Machakos,Level 2,259,264,160.0,155,171.0,144
2025-07-01,FAC_143,Nairobi,Level 4,578,570,337.0,303,327.0,341
2025-07-01,FAC_144,Nairobi,Level 3,461,426,269.0,299,299.0,271
2025-07-01,FAC_145,Turkana,Level 3,412,366,169.0,174,,154
2025-07-01,FAC_146,Nairobi,Level 2,251,228,135.0,123,124.0,113
2025-07-01,FAC_147,Kilifi,Level 4,612,519,223.0,193,213.0,198
2025-07-01,FAC_148,Nairobi,Level 3,432,378,220.0,238,276.0,287
2025-07-01,FAC_149,Machakos,Level 2,205,186,127.0,143,181.0,147
2025-07-01,FAC_150,Machakos,Level 4,571,553,265.0,280,211.0,195
2025-07-01,FAC_151,Machakos,Level 2,262,237,111.0,107,102.0,96
2025-07-01,FAC_152,Machakos,Level 2,195,183,96.0,92,108.0,94
2025-07-01,FAC_153,Kilifi,Level 2,301,261,163.0,140,167.0,157
2025-07-01,FAC_154,Homa Bay,Level 3,342,295,208.0,177,178.0,165
2025-07-01,FAC_155,Turkana,Level 2,269,268,182.0,170,147.0,135
2025-07-01,FAC_156,Machakos,Level 2,285,249,263.0,98,118.0,117
2025-07-01,FAC_157,Nairobi,Level 3,303,280,154.0,136,96.0,80
2025-07-01,FAC_158,Machakos,Level 2,298,304,,185,193.0,192
2025-07-01,FAC_159,Nairobi,Level 3,428,342,138.0,123,135.0,131
2025-07-01,FAC_160,Nairobi,Level 4,485,480,324.0,358,408.0,416
2025-07-01,FAC_162,Kilifi,Level 2,243,225,136.0,154,124.0,104
2025-07-01,FAC_163,Nairobi,Level 3,415,394,166.0,168,174.0,161
2025-07-01,FAC_164,Nairobi,Level 2,248,248,103.0,112,88.0,70
2025-07-01,FAC_165,Machakos,Level 4,590,553,337.0,326,380.0,393
2025-07-01,FAC_166,Nairobi,Level 2,227,188,82.0,76,64.0,67
2025-07-01,FAC_167,Nairobi,Level 2,218,208,109.0,118,140.0,145
2025-07-01,FAC_168,Machakos,Level 2,163,132,83.0,83,60.0,56
2025-07-01,FAC_169,Machakos,Level 2,285,294,196.0,180,132.0,122
2025-07-01,FAC_170,Turkana,Level 3,459,411,210.0,201,187.0,154
2025-07-01,FAC_171,Kilifi,Level 2,266,260,171.0,162,194.0,170
2025-07-01,FAC_172,Kilifi,Level 3,318,285,182.0,160,160.0,157
2025-07-01,FAC_173,Nairobi,Level 2,181,184,126.0,114,128.0,112
2025-07-01,FAC_174,Kilifi,Level 4,496,487,252.0,235,231.0,195
2025-07-01,FAC_175,Nairobi,Level 4,452,370,217.0,184,232.0,191
2025-07-01,FAC_176,Turkana,Level 2,170,156,107.0,106,81.0,67
2025-07-01,FAC_177,Machakos,Level 2,180,182,112.0,120,109.0,94
2025-07-01,FAC_178,Machakos,Level 3,344,280,202.0,194,223.0,215
2025-07-01,FAC_179,Machakos,Level 2,158,133,92.0,93,101.0,90
2025-07-01,FAC_180,Kilifi,Level 2,201,186,202.0,72,74.0,66
2025-07-01,FAC_181,Turkana,Level 2,195,156,66.0,73,57.0,55
2025-07-01,FAC_182,Kilifi,Level 4,570,469,264.0,275,260.0,227
2025-07-01,FAC_183,Kilifi,Level 3,351,362,255.0,269,334.0,338
2025-07-01,FAC_184,Turkana,Level 4,498,478,333.0,299,277.0,246
2025-07-01,FAC_185,Turkana,Level 4,560,497,255.0,283,204.0,204
2025-07-01,FAC_186,Turkana,Level 4,556,541,246.0,238,231.0,225
2025-07-01,FAC_187,Turkana,Level 2,213,190,121.0,115,138.0,113
2025-07-01,FAC_188,Machakos,Level 2,168,159,163.0,115,85.0,87
2025-07-01,FAC_189,Homa Bay,Level 2,210,204,,117,125.0,100
2025-07-01,FAC_190,Homa Bay,Level 3,408,372,261.0,299,236.0,239
2025-07-01,FAC_191,Turkana,Level 2,250,258,110.0,119,140.0,116
2025-07-01,FAC_192,Homa Bay,Level 3,383,332,186.0,183,,170
2025-07-01,FAC_193,Homa Bay,Level 2,274,262,146.0,141,,122
2025-07-01,FAC_194,Turkana,Level 2,292,249,290.0,187,194.0,155
2025-07-01,FAC_195,Homa Bay,Level 2,247,199,120.0,112,80.0,83
2025-07-01,FAC_196,Kilifi,Level 3,326,286,146.0,152,131.0,136
2025-07-01,FAC_198,Nairobi,Level 2,171,157,99.0,112,127.0,108
2025-07-01,FAC_199,Turkana,Level 3,320,280,317.0,127,147.0,135
2025-08-01,FAC_100,Machakos,Level 4,534,436,247.0,265,330.0,309
2025-08-01,FAC_101,Kilifi,Level 2,189,160,119.0,128,139.0,127
2025-08-01,FAC_102,Homa Bay,Level 2,213,217,125.0,117,127.0,109
2025-08-01,FAC_103,Kilifi,Level 2,248,218,142.0,152,112.0,113
2025-08-01,FAC_104,Kilifi,Level 3,338,281,186.0,208,247.0,218
2025-08-01,FAC_105,Nairobi,Level 2,261,251,140.0,132,170.0,141
2025-08-01,FAC_106,Homa Bay,Level 4,578,487,219.0,246,188.0,185
2025-08-01,FAC_107,Homa Bay,Level 3,430,368,207.0,221,239.0,243
2025-08-01,FAC_108,Homa Bay,Level 2,285,259,172.0,194,240.0,244
2025-08-01,FAC_109,Kilifi,Level 3,373,308,341.0,153,147.0,137
2025-08-01,FAC_110,Machakos,Level 2,212,199,103.0,89,103.0,89
2025-08-01,FAC_111,Homa Bay,Level 4,510,428,284.0,307,219.0,208
2025-08-01,FAC_112,Kilifi,Level 3,430,401,184.0,180,215.0,221
2025-08-01,FAC_113,Nairobi,Level 4,620,648,468.0,443,527.0,475
2025-08-01,FAC_114,Machakos,Level 3,319,290,,142,109.0,91
2025-08-01,FAC_115,Nairobi,Level 4,516,511,381.0,329,250.0,255
2025-08-01,FAC_116,Machakos,Level 2,245,254,150.0,170,174.0,141
2025-08-01,FAC_117,Kilifi,Level 4,501,444,327.0,339,296.0,264
2025-08-01,FAC_118,Turkana,Level 2,289,265,,140,162.0,140
2025-08-01,FAC_120,Nairobi,Level 2,172,151,106.0,109,102.0,86
2025-08-01,FAC_121,Kilifi,Level 4,561,462,277.0,251,184.0,150
2025-08-01,FAC_122,Machakos,Level 3,379,394,177.0,194,176.0,159
2025-08-01,FAC_123,Turkana,Level 2,282,280,166.0,141,112.0,117
2025-08-01,FAC_124,Turkana,Level 2,275,268,129.0,134,125.0,106
2025-08-01,FAC_125,Homa Bay,Level 3,302,249,160.0,150,143.0,125
2025-08-01,FAC_126,Homa Bay,Level 2,278,269,171.0,185,222.0,209
2025-08-01,FAC_127,Nairobi,Level 2,190,168,109.0,98,103.0,96
2025-08-01,FAC_128,Machakos,Level 2,197,191,96.0,85,83.0,76
2025-08-01,FAC_129,Machakos,Level 2,240,196,84.0,80,80.0,70
2025-08-01,FAC_130,Homa Bay,Level 3,399,330,203.0,184,200.0,167
2025-08-01,FAC_131,Machakos,Level 2,192,196,126.0,114,109.0,109
2025-08-01,FAC_132,Machakos,Level 2,178,143,102.0,100,115.0,119
2025-08-01,FAC_133,Turkana,Level 2,253,255,119.0,117,129.0,119
2025-08-01,FAC_136,Homa Bay,Level 2,213,215,250.0,133,162.0,163
2025-08-01,FAC_137,Kilifi,Level 2,273,239,97.0,102,,102
2025-08-01,FAC_138,Turkana,Level 2,266,261,111.0,102,125.0,125
2025-08-01,FAC_139,Nairobi,Level 2,224,218,100.0,91,96.0,88
2025-08-01,FAC_140,Machakos,Level 2,272,283,140.0,128,141.0,121
2025-08-01,FAC_141,Turkana,Level 2,181,167,123.0,122,110.0,103
2025-08-01,FAC_142,Machakos,Level 2,270,260,191.0,207,234.0,203
2025-08-01,FAC_143,Nairobi,Level 4,581,586,264.0,263,189.0,160
2025-08-01,FAC_144,Nairobi,Level 3,459,455,248.0,282,275.0,236
2025-08-01,FAC_145,Turkana,Level 3,426,394,275.0,254,280.0,261
2025-08-01,FAC_146,Nairobi,Level 2,230,220,114.0,110,99.0,99
2025-08-01,FAC_147,Kilifi,Level 4,622,594,384.0,373,311.0,321
2025-08-01,FAC_148,Nairobi,Level 3,440,431,274.0,273,253.0,216
2025-08-01,FAC_149,Machakos,Level 2,209,169,117.0,130,154.0,137
2025-08-01,FAC_150,Machakos,Level 4,558,556,283.0,311,375.0,372
2025-08-01,FAC_151,Machakos,Level 2,247,252,174.0,149,161.0,130
2025-08-01,FAC_152,Machakos,Level 2,194,159,104.0,109,100.0,83
2025-08-01,FAC_153,Kilifi,Level 2,279,259,183.0,204,255.0,210
2025-08-01,FAC_154,Homa Bay,Level 3,376,305,159.0,171,185.0,153
2025-08-01,FAC_155,Turkana,Level 2,264,269,161.0,175,142.0,117
2025-08-01,FAC_156,Machakos,Level 2,295,298,150.0,157,112.0,109
2025-08-01,FAC_157,Nairobi,Level 3,297,261,193.0,193,243.0,226
2025-08-01,FAC_158,Machakos,Level 2,286,270,160.0,159,137.0,115
2025-08-01,FAC_159,Nairobi,Level 3,440,367,260.0,230,224.0,226
2025-08-01,FAC_160,Nairobi,Level 4,482,389,231.0,251,,181
2025-08-01,FAC_161,Machakos,Level 3,407,370,184.0,159,125.0,121
2025-08-01,FAC_162,Kilifi,Level 2,250,211,92.0,103,75.0,67
2025-08-01,FAC_163,Nairobi,Level 3,397,412,220.0,244,253.0,235
2025-08-01,FAC_164,Nairobi,Level 2,252,210,,137,132.0,107
2025-08-01,FAC_165,Machakos,Level 4,591,593,421.0,429,472.0,491
2025-08-01,FAC_166,Nairobi,Level 2,221,208,151.0,172,174.0,173
2025-08-01,FAC_167,Nairobi,Level 2,216,219,110.0,101,116.0,111
2025-08-01,FAC_168,Machakos,Level 2,172,149,92.0,86,80.0,81
2025-08-01,FAC_169,Machakos,Level 2,270,280,171.0,155,122.0,123
2025-08-01,FAC_170,Turkana,Level 3,457,417,264.0,254,328.0,282
2025-08-01,FAC_171,Kilifi,Level 2,261,248,140.0,134,140.0,133
2025-08-01,FAC_172,Kilifi,Level 3,335,313,203.0,224,281.0,237
2025-08-01,FAC_173,Nairobi,Level 2,179,179,73.0,76,62.0,63
2025-08-01,FAC_174,Kilifi,Level 4,486,477,,233,195.0,198
2025-08-01,FAC_175,Nairobi,Level 4,482,415,287.0,255,265.0,239
2025-08-01,FAC_176,Turkana,Level 2,166,133,79.0,76,61.0,55
2025-08-01,FAC_177,Machakos,Level 2,181,178,91.0,101,71.0,64
2025-08-01,FAC_178,Machakos,Level 3,368,303,175.0,174,198.0,177
2025-08-01,FAC_179,Machakos,Level 2,157,136,57.0,56,69.0,72
2025-08-01,FAC_180,Kilifi,Level 2,194,193,128.0,110,97.0,84
2025-08-01,FAC_181,Turkana,Level 2,198,194,106.0,109,126.0,114
2025-08-01,FAC_182,Kilifi,Level 4,544,567,234.0,220,237.0,195
2025-08-01,FAC_183,Kilifi,Level 3,343,302,329.0,198,180.0,188
2025-08-01,FAC_184,Turkana,Level 4,502,427,192.0,219,283.0,282
2025-08-01,FAC_185,Turkana,Level 4,524,510,344.0,386,473.0,496
2025-08-01,FAC_186,Turkana,Level 4,551,576,411.0,352,391.0,371
2025-08-01,FAC_187,Turkana,Level 2,210,168,69.0,65,61.0,49
2025-08-01,FAC_188,Machakos,Level 2,178,162,82.0,77,92.0,80
2025-08-01,FAC_189,Homa Bay,Level 2,211,200,119.0,123,105.0,91
2025-08-01,FAC_190,Homa Bay,Level 3,396,414,180.0,156,186.0,153
2025-08-01,FAC_191,Turkana,Level 2,272,244,142.0,133,157.0,136
2025-08-01,FAC_192,Homa Bay,Level 3,378,358,200.0,182,128.0,127
2025-08-01,FAC_193,Homa Bay,Level 2,272,271,191.0,206,177.0,177
2025-08-01,FAC_194,Turkana,Level 2,291,297,129.0,140,120.0,110
2025-08-01,FAC_195,Homa Bay,Level 2,258,265,166.0,158,127.0,122
2025-08-01,FAC_196,Kilifi,Level 3,339,304,221.0,188,158.0,158
2025-08-01,FAC_197,Nairobi,Level 3,345,281,144.0,146,166.0,154
2025-08-01,FAC_198,Nairobi,Level 2,179,176,125.0,126,119.0,120
2025-08-01,FAC_199,Turkana,Level 3,303,284,126.0,141,133.0,131
2025-09-01,FAC_100,Machakos,Level 4,534,478,350.0,398,380.0,322
2025-09-01,FAC_101,Kilifi,Level 2,187,150,85.0,91,80.0,80
2025-09-01,FAC_103,Kilifi,Level 2,260,209,108.0,100,120.0,96
2025-09-01,FAC_104,Kilifi,Level 3,333,332,148.0,153,170.0,153
2025-09-01,FAC_105,Nairobi,Level 2,238,223,144.0,135,157.0,139
2025-09-01,FAC_106,Homa Bay,Level 4,602,497,321.0,356,276.0,267
2025-09-01,FAC_107,Homa Bay,Level 3,450,465,534.0,176,227.0,216
2025-09-01,FAC_108,Homa Bay,Level 2,290,297,220.0,195,,145
2025-09-01,FAC_109,Kilifi,Level 3,382,400,233.0,221,198.0,159
2025-09-01,FAC_110,Machakos,Level 2,206,182,,127,132.0,128
2025-09-01,FAC_111,Homa Bay,Level 4,496,492,271.0,268,328.0,328
2025-09-01,FAC_112,Kilifi,Level 3,440,392,171.0,195,221.0,228
2025-09-01,FAC_113,Nairobi,Level 4,582,490,295.0,318,303.0,242
2025-09-01,FAC_114,Machakos,Level 3,321,292,142.0,125,91.0,72
2025-09-01,FAC_115,Nairobi,Level 4,517,502,264.0,227,212.0,211
2025-09-01,FAC_116,Machakos,Level 2,229,240,104.0,92,82.0,69
2025-09-01,FAC_117,Kilifi,Level 4,471,414,252.0,250,297.0,242
2025-09-01,FAC_118,Turkana,Level 2,293,281,,132,106.0,90
2025-09-01,FAC_119,Machakos,Level 2,264,219,156.0,174,168.0,152
2025-09-01,FAC_120,Nairobi,Level 2,185,186,136.0,124,88.0,80
2025-09-01,FAC_121,Kilifi,Level 4,581,575,429.0,466,498.0,521
2025-09-01,FAC_122,Machakos,Level 3,407,364,155.0,134,102.0,86
2025-09-01,FAC_123,Turkana,Level 2,269,260,168.0,188,144.0,121
2025-09-01,FAC_124,Turkana,Level 2,267,232,106.0,109,,95
2025-09-01,FAC_125,Homa Bay,Level 3,313,253,165.0,145,139.0,144
2025-09-01,FAC_126,Homa Bay,Level 2,295,261,185.0,186,,243
2025-09-01,FAC_127,Nairobi,Level 2,204,196,144.0,141,104.0,95
2025-09-01,FAC_128,Machakos,Level 2,207,180,89.0,79,71.0,62
2025-09-01,FAC_129,Machakos,Level 2,246,238,153.0,151,192.0,190
2025-09-01,FAC_130,Homa Bay,Level 3,394,372,195.0,212,195.0,171
2025-09-01,FAC_131,Machakos,Level 2,207,209,114.0,96,97.0,85
2025-09-01,FAC_132,Machakos,Level 2,196,200,102.0,109,101.0,92
2025-09-01,FAC_133,Turkana,Level 2,269,233,270.0,128,144.0,116
2025-09-01,FAC_134,Homa Bay,Level 2,222,196,128.0,111,127.0,103
2025-09-01,FAC_135,Kilifi,Level 2,147,153,77.0,71,87.0,83
2025-09-01,FAC_136,Homa Bay,Level 2,207,175,121.0,129,143.0,141
2025-09-01,FAC_137,Kilifi,Level 2,266,233,143.0,125,89.0,72
2025-09-01,FAC_138,Turkana,Level 2,283,263,177.0,171,169.0,139
2025-09-01,FAC_139,Nairobi,Level 2,209,207,84.0,73,86.0,88
2025-09-01,FAC_140,Machakos,Level 2,267,242,280.0,109,116.0,119
2025-09-01,FAC_141,Turkana,Level 2,179,159,,130,126.0,127
2025-09-01,FAC_142,Machakos,Level 2,264,228,119.0,118,138.0,133
2025-09-01,FAC_143,Nairobi,Level 4,589,528,326.0,286,267.0,240
2025-09-01,FAC_144,Nairobi,Level 3,433,449,294.0,321,249.0,252
2025-09-01,FAC_145,Turkana,Level 3,435,439,193.0,219,200.0,163
2025-09-01,FAC_146,Nairobi,Level 2,238,207,101.0,98,125.0,121
2025-09-01,FAC_147,Kilifi,Level 4,595,522,245.0,240,193.0,163
2025-09-01,FAC_148,Nairobi,Level 3,438,422,,190,168.0,138
2025-09-01,FAC_149,Machakos,Level 2,206,205,120.0,107,,115
2025-09-01,FAC_150,Machakos,Level 4,551,491,539.0,285,340.0,346
2025-09-01,FAC_151,Machakos,Level 2,252,211,111.0,108,112.0,114
2025-09-01,FAC_152,Machakos,Level 2,191,183,79.0,80,103.0,98
2025-09-01,FAC_153,Kilifi,Level 2,285,258,145.0,162,166.0,173
2025-09-01,FAC_154,Homa Bay,Level 3,359,366,192.0,187,192.0,180
2025-09-01,FAC_155,Turkana,Level 2,280,252,158.0,179,178.0,147
2025-09-01,FAC_156,Machakos,Level 2,285,295,168.0,143,,182
2025-09-01,FAC_157,Nairobi,Level 3,312,251,105.0,105,107.0,86
2025-09-01,FAC_158,Machakos,Level 2,285,256,183.0,209,256.0,230
2025-09-01,FAC_159,Nairobi,Level 3,421,400,458.0,198,173.0,138
2025-09-01,FAC_160,Nairobi,Level 4,498,455,237.0,257,279.0,275
2025-09-01,FAC_161,Machakos,Level 3,403,386,222.0,244,279.0,282
2025-09-01,FAC_162,Kilifi,Level 2,263,264,168.0,179,226.0,227
2025-09-01,FAC_163,Nairobi,Level 3,417,377,170.0,170,218.0,189
2025-09-01,FAC_164,Nairobi,Level 2,246,214,97.0,89,101.0,81
2025-09-01,FAC_165,Machakos,Level 4,620,605,400.0,433,519.0,462
2025-09-01,FAC_166,Nairobi,Level 2,229,225,98.0,90,,72
2025-09-01,FAC_167,Nairobi,Level 2,217,222,154.0,132,134.0,130
2025-09-01,FAC_168,Machakos,Level 2,174,154,,94,90.0,82
2025-09-01,FAC_169,Machakos,Level 2,266,235,,179,163.0,143
2025-09-01,FAC_170,Turkana,Level 3,428,424,242.0,216,222.0,219
2025-09-01,FAC_171,Kilifi,Level 2,254,245,149.0,128,137.0,119
2025-09-01,FAC_172,Kilifi,Level 3,319,274,169.0,192,215.0,179
2025-09-01,FAC_173,Nairobi,Level 2,193,182,76.0,64,74.0,71
2025-09-01,FAC_174,Kilifi,Level 4,514,456,230.0,196,146.0,121
2025-09-01,FAC_176,Turkana,Level 2,162,150,86.0,96,92.0,96
2025-09-01,FAC_177,Machakos,Level 2,176,151,104.0,114,129.0,130
2025-09-01,FAC_178,Machakos,Level 3,364,356,170.0,191,197.0,165
2025-09-01,FAC_179,Machakos,Level 2,157,162,118.0,119,108.0,86
2025-09-01,FAC_180,Kilifi,Level 2,191,171,78.0,73,77.0,71
2025-09-01,FAC_181,Turkana,Level 2,191,160,172.0,82,100.0,97
2025-09-01,FAC_182,Kilifi,Level 4,531,428,493.0,259,332.0,315
2025-09-01,FAC_183,Kilifi,Level 3,347,334,192.0,163,172.0,174
2025-09-01,FAC_184,Turkana,Level 4,506,418,197.0,214,157.0,152
2025-09-01,FAC_186,Turkana,Level 4,554,555,273.0,299,386.0,362
2025-09-01,FAC_187,Turkana,Level 2,221,219,243.0,140,126.0,125
2025-09-01,FAC_188,Machakos,Level 2,181,179,121.0,109,104.0,97
2025-09-01,FAC_189,Homa Bay,Level 2,198,166,106.0,111,102.0,88
2025-09-01,FAC_190,Homa Bay,Level 3,407,363,234.0,247,248.0,226
2025-09-01,FAC_191,Turkana,Level 2,266,219,,153,158.0,128
2025-09-01,FAC_192,Homa Bay,Level 3,398,374,219.0,196,151.0,149
2025-09-01,FAC_193,Homa Bay,Level 2,287,236,158.0,162,141.0,136
2025-09-01,FAC_194,Turkana,Level 2,267,271,156.0,149,115.0,93
2025-09-01,FAC_195,Homa Bay,Level 2,240,223,119.0,126,136.0,142
2025-09-01,FAC_196,Kilifi,Level 3,339,327,186.0,182,235.0,242
2025-09-01,FAC_197,Nairobi,Level 3,354,309,162.0,172,150.0,141
2025-09-01,FAC_198,Nairobi,Level 2,179,151,103.0,116,106.0,107
2025-09-01,FAC_199,Turkana,Level 3,316,318,207.0,178,224.0,218
2025-10-01,FAC_100,Machakos,Level 4,517,508,,342,247.0,220
2025-10-01,FAC_101,Kilifi,Level 2,188,123,88.0,63,73.0,67
2025-10-01,FAC_102,Homa Bay,Level 2,207,173,95.0,74,83.0,83
2025-10-01,FAC_103,Kilifi,Level 2,249,181,107.0,78,74.0,75
2025-10-01,FAC_104,Kilifi,Level 3,336,279,136.0,115,127.0,109
2025-10-01,FAC_105,Nairobi,Level 2,257,228,166.0,170,122.0,102
2025-10-01,FAC_106,Homa Bay,Level 4,554,455,211.0,190,206.0,180
2025-10-01,FAC_107,Homa Bay,Level 3,429,278,202.0,144,143.0,124
2025-10-01,FAC_108,Homa Bay,Level 2,279,172,115.0,90,,87
2025-10-01,FAC_109,Kilifi,Level 3,376,230,146.0,121,101.0,88
2025-10-01,FAC_110,Machakos,Level 2,213,215,122.0,134,137.0,114
2025-10-01,FAC_111,Homa Bay,Level 4,482,371,200.0,176,221.0,197
2025-10-01,FAC_112,Kilifi,Level 3,409,308,157.0,115,135.0,129
2025-10-01,FAC_113,Nairobi,Level 4,611,557,320.0,315,268.0,222
2025-10-01,FAC_114,Machakos,Level 3,320,319,,137,106.0,95
2025-10-01,FAC_115,Nairobi,Level 4,501,430,239.0,222,226.0,227
2025-10-01,FAC_116,Machakos,Level 2,228,228,151.0,173,148.0,127
2025-10-01,FAC_117,Kilifi,Level 4,478,388,232.0,178,148.0,143
2025-10-01,FAC_118,Turkana,Level 2,291,236,117.0,110,110.0,110
2025-10-01,FAC_119,Machakos,Level 2,260,247,139.0,151,193.0,176
2025-10-01,FAC_120,Nairobi,Level 2,181,145,85.0,72,84.0,72
2025-10-01,FAC_121,Kilifi,Level 4,592,467,251.0,185,208.0,195
2025-10-01,FAC_122,Machakos,Level 3,402,416,218.0,225,224.0,234
2025-10-01,FAC_124,Turkana,Level 2,261,193,102.0,86,67.0,59
2025-10-01,FAC_125,Homa Bay,Level 3,307,224,158.0,114,96.0,91
2025-10-01,FAC_126,Homa Bay,Level 2,283,190,130.0,108,108.0,102
2025-10-01,FAC_127,Nairobi,Level 2,192,179,184.0,126,149.0,128
2025-10-01,FAC_128,Machakos,Level 2,215,176,118.0,120,,135
2025-10-01,FAC_129,Machakos,Level 2,256,250,290.0,167,183.0,161
2025-10-01,FAC_130,Homa Bay,Level 3,395,273,182.0,128,130.0,116
2025-10-01,FAC_131,Machakos,Level 2,197,158,68.0,58,61.0,50
2025-10-01,FAC_132,Machakos,Level 2,184,188,117.0,104,124.0,99
2025-10-01,FAC_133,Turkana,Level 2,274,202,124.0,75,64.0,65
2025-10-01,FAC_135,Kilifi,Level 2,152,102,46.0,35,,31
2025-10-01,FAC_136,Homa Bay,Level 2,204,123,83.0,55,52.0,46
2025-10-01,FAC_137,Kilifi,Level 2,272,189,119.0,99,96.0,83
2025-10-01,FAC_138,Turkana,Level 2,288,211,93.0,65,68.0,65
2025-10-01,FAC_139,Nairobi,Level 2,221,213,242.0,85,63.0,50
2025-10-01,FAC_140,Machakos,Level 2,266,260,119.0,121,127.0,108
2025-10-01,FAC_141,Turkana,Level 2,179,157,92.0,70,50.0,40
2025-10-01,FAC_142,Machakos,Level 2,255,223,153.0,141,153.0,132
2025-10-01,FAC_143,Nairobi,Level 4,615,619,309.0,305,392.0,330
2025-10-01,FAC_145,Turkana,Level 3,411,242,147.0,111,82.0,67
2025-10-01,FAC_146,Nairobi,Level 2,233,188,101.0,99,118.0,97
2025-10-01,FAC_147,Kilifi,Level 4,621,439,217.0,173,212.0,214
2025-10-01,FAC_148,Nairobi,Level 3,455,365,202.0,201,178.0,181
2025-10-01,FAC_149,Machakos,Level 2,198,193,87.0,78,,89
2025-10-01,FAC_150,Machakos,Level 4,572,467,270.0,291,318.0,289
2025-10-01,FAC_151,Machakos,Level 2,244,250,262.0,117,118.0,117
2025-10-01,FAC_152,Machakos,Level 2,197,158,76.0,84,82.0,73
2025-10-01,FAC_153,Kilifi,Level 2,299,187,135.0,93,91.0,93
2025-10-01,FAC_154,Homa Bay,Level 3,356,274,201.0,156,136.0,139
2025-10-01,FAC_156,Machakos,Level 2,297,296,138.0,121,121.0,101
2025-10-01,FAC_158,Machakos,Level 2,296,274,201.0,213,266.0,237
2025-10-01,FAC_159,Nairobi,Level 3,420,378,266.0,274,211.0,171
2025-10-01,FAC_160,Nairobi,Level 4,506,469,300.0,293,279.0,233
2025-10-01,FAC_161,Machakos,Level 3,407,399,170.0,145,185.0,169
2025-10-01,FAC_162,Kilifi,Level 2,247,170,86.0,56,69.0,64
2025-10-01,FAC_163,Nairobi,Level 3,398,368,233.0,233,298.0,308
2025-10-01,FAC_164,Nairobi,Level 2,241,231,126.0,125,88.0,86
2025-10-01,FAC_165,Machakos,Level 4,573,532,357.0,320,288.0,270
2025-10-01,FAC_166,Nairobi,Level 2,225,227,115.0,112,127.0,117
2025-10-01,FAC_167,Nairobi,Level 2,215,196,113.0,118,107.0,103
2025-10-01,FAC_168,Machakos,Level 2,172,152,102.0,116,98.0,80
2025-10-01,FAC_169,Machakos,Level 2,263,258,162.0,154,183.0,148
2025-10-01,FAC_170,Turkana,Level 3,458,287,183.0,136,116.0,93
2025-10-01,FAC_172,Kilifi,Level 3,318,185,116.0,70,49.0,40
2025-10-01,FAC_173,Nairobi,Level 2,186,181,127.0,120,93.0,79
2025-10-01,FAC_174,Kilifi,Level 4,490,328,,104,88.0,84
2025-10-01,FAC_175,Nairobi,Level 4,493,488,198.0,184,200.0,196
2025-10-01,FAC_178,Machakos,Level 3,362,325,344.0,182,193.0,198
2025-10-01,FAC_179,Machakos,Level 2,150,124,92.0,89,106.0,102
2025-10-01,FAC_180,Kilifi,Level 2,200,113,80.0,60,72.0,74
2025-10-01,FAC_181,Turkana,Level 2,188,127,75.0,65,73.0,70
2025-10-01,FAC_182,Kilifi,Level 4,562,401,241.0,163,162.0,146
2025-10-01,FAC_183,Kilifi,Level 3,346,282,134.0,101,87.0,73
2025-10-01,FAC_184,Turkana,Level 4,519,420,284.0,238,198.0,201
2025-10-01,FAC_185,Turkana,Level 4,543,403,,259,271.0,241
2025-10-01,FAC_186,Turkana,Level 4,563,352,,208,183.0,171
2025-10-01,FAC_187,Turkana,Level 2,210,158,101.0,74,77.0,80
2025-10-01,FAC_188,Machakos,Level 2,178,169,72.0,75,61.0,50
2025-10-01,FAC_189,Homa Bay,Level 2,201,148,83.0,67,68.0,60
2025-10-01,FAC_190,Homa Bay,Level 3,411,336,249.0,220,267.0,213
2025-10-01,FAC_191,Turkana,Level 2,254,167,99.0,83,95.0,96
2025-10-01,FAC_192,Homa Bay,Level 3,389,264,167.0,136,144.0,123
2025-10-01,FAC_193,Homa Bay,Level 2,264,215,122.0,105,82.0,80
2025-10-01,FAC_194,Turkana,Level 2,285,213,141.0,96,121.0,107
2025-10-01,FAC_195,Homa Bay,Level 2,255,159,98.0,77,73.0,76
2025-10-01,FAC_197,Nairobi,Level 3,321,259,167.0,170,139.0,120
2025-10-01,FAC_198,Nairobi,Level 2,182,189,89.0,96,,108
2025-10-01,FAC_199,Turkana,Level 3,315,201,225.0,91,112.0,109
2025-11-01,FAC_100,Machakos,Level 4,512,433,297.0,300,340.0,282
2025-11-01,FAC_101,Kilifi,Level 2,177,145,103.0,98,79.0,64
2025-11-01,FAC_102,Homa Bay,Level 2,213,144,,86,99.0,89
2025-11-01,FAC_103,Kilifi,Level 2,238,166,86.0,78,99.0,89
2025-11-01,FAC_104,Kilifi,Level 3,335,244,132.0,103,93.0,86
2025-11-01,FAC_105,Nairobi,Level 2,251,218,89.0,82,90.0,88
2025-11-01,FAC_106,Homa Bay,Level 4,608,468,189.0,135,162.0,130
2025-11-01,FAC_107,Homa Bay,Level 3,423,269,153.0,128,141.0,115
2025-11-01,FAC_109,Kilifi,Level 3,383,278,197.0,154,152.0,128
2025-11-01,FAC_110,Machakos,Level 2,212,183,96.0,85,82.0,82
2025-11-01,FAC_111,Homa Bay,Level 4,477,344,191.0,151,107.0,91
2025-11-01,FAC_112,Kilifi,Level 3,432,318,176.0,137,140.0,120
2025-11-01,FAC_113,Nairobi,Level 4,568,456,249.0,213,215.0,208
2025-11-01,FAC_114,Machakos,Level 3,351,339,164.0,168,138.0,139
2025-11-01,FAC_115,Nairobi,Level 4,527,517,293.0,323,358.0,366
2025-11-01,FAC_116,Machakos,Level 2,235,197,127.0,118,99.0,100
2025-11-01,FAC_117,Kilifi,Level 4,502,358,190.0,154,167.0,152
2025-11-01,FAC_118,Turkana,Level 2,280,175,86.0,57,64.0,59
2025-11-01,FAC_119,Machakos,Level 2,265,273,140.0,152,190.0,183
2025-11-01,FAC_120,Nairobi,Level 2,173,150,75.0,79,99.0,81
2025-11-01,FAC_121,Kilifi,Level 4,568,444,,244,176.0,166
2025-11-01,FAC_122,Machakos,Level 3,394,413,231.0,242,313.0,306
2025-11-01,FAC_123,Turkana,Level 2,265,216,130.0,113,132.0,123
2025-11-01,FAC_124,Turkana,Level 2,278,183,78.0,49,35.0,28
2025-11-01,FAC_125,Homa Bay,Level 3,314,205,149.0,110,82.0,81
2025-11-01,FAC_126,Homa Bay,Level 2,283,241,101.0,77,79.0,68
2025-11-01,FAC_127,Nairobi,Level 2,190,158,113.0,122,106.0,95
2025-11-01,FAC_128,Machakos,Level 2,214,223,157.0,133,132.0,123
2025-11-01,FAC_129,Machakos,Level 2,244,214,132.0,142,112.0,110
2025-11-01,FAC_130,Homa Bay,Level 3,407,278,144.0,117,90.0,93
2025-11-01,FAC_131,Machakos,Level 2,202,193,80.0,87,63.0,63
2025-11-01,FAC_132,Machakos,Level 2,178,179,80.0,81,68.0,62
2025-11-01,FAC_134,Homa Bay,Level 2,226,155,95.0,82,87.0,78
2025-11-01,FAC_135,Kilifi,Level 2,152,90,63.0,50,37.0,32
2025-11-01,FAC_136,Homa Bay,Level 2,196,145,71.0,60,49.0,42
2025-11-01,FAC_137,Kilifi,Level 2,274,208,155.0,132,144.0,141
2025-11-01,FAC_138,Turkana,Level 2,288,231,120.0,93,79.0,75
2025-11-01,FAC_139,Nairobi,Level 2,219,190,134.0,125,107.0,89
2025-11-01,FAC_140,Machakos,Level 2,270,217,88.0,93,117.0,98
2025-11-01,FAC_141,Turkana,Level 2,189,151,71.0,65,58.0,53
2025-11-01,FAC_142,Machakos,Level 2,258,233,99.0,87,104.0,104
2025-11-01,FAC_143,Nairobi,Level 4,605,574,372.0,373,428.0,391
2025-11-01,FAC_144,Nairobi,Level 3,423,394,166.0,176,216.0,207
2025-11-01,FAC_145,Turkana,Level 3,408,326,168.0,137,166.0,142
2025-11-01,FAC_147,Kilifi,Level 4,573,479,266.0,243,176.0,166
2025-11-01,FAC_148,Nairobi,Level 3,459,405,162.0,166,197.0,198
2025-11-01,FAC_149,Machakos,Level 2,197,190,117.0,106,98.0,91
2025-11-01,FAC_150,Machakos,Level 4,552,493,547.0,303,213.0,180
2025-11-01,FAC_152,Machakos,Level 2,191,171,86.0,81,79.0,66
2025-11-01,FAC_153,Kilifi,Level 2,297,214,99.0,91,64.0,62
2025-11-01,FAC_154,Homa Bay,Level 3,349,267,159.0,137,136.0,109
2025-11-01,FAC_155,Turkana,Level 2,265,177,129.0,95,,107
2025-11-01,FAC_156,Machakos,Level 2,293,299,146.0,150,177.0,159
2025-11-01,FAC_157,Nairobi,Level 3,307,246,107.0,91,85.0,74
2025-11-01,FAC_158,Machakos,Level 2,298,284,153.0,161,194.0,188
2025-11-01,FAC_159,Nairobi,Level 3,415,375,213.0,214,187.0,181
2025-11-01,FAC_161,Machakos,Level 3,409,359,256.0,263,212.0,198
2025-11-01,FAC_162,Kilifi,Level 2,258,193,125.0,105,89.0,72
2025-11-01,FAC_163,Nairobi,Level 3,420,343,163.0,159,178.0,167
2025-11-01,FAC_164,Nairobi,Level 2,244,203,146.0,141,117.0,118
2025-11-01,FAC_165,Machakos,Level 4,572,489,334.0,291,209.0,206
2025-11-01,FAC_166,Nairobi,Level 2,220,190,80.0,87,77.0,75
2025-11-01,FAC_167,Nairobi,Level 2,222,185,132.0,126,160.0,151
2025-11-01,FAC_168,Machakos,Level 2,163,171,84.0,75,85.0,79
2025-11-01,FAC_169,Machakos,Level 2,279,233,158.0,157,183.0,153
2025-11-01,FAC_170,Turkana,Level 3,423,281,324.0,129,130.0,112
2025-11-01,FAC_171,Kilifi,Level 2,258,169,84.0,58,47.0,48
2025-11-01,FAC_172,Kilifi,Level 3,313,206,,137,136.0,135
2025-11-01,FAC_173,Nairobi,Level 2,190,190,86.0,85,75.0,69
2025-11-01,FAC_174,Kilifi,Level 4,506,380,266.0,191,176.0,171
2025-11-01,FAC_175,Nairobi,Level 4,464,373,240.0,233,236.0,244
2025-11-01,FAC_176,Turkana,Level 2,164,114,76.0,54,46.0,39
2025-11-01,FAC_177,Machakos,Level 2,180,176,111.0,107,81.0,81
2025-11-01,FAC_178,Machakos,Level 3,348,287,212.0,184,234.0,219
2025-11-01,FAC_179,Machakos,Level 2,151,149,61.0,66,66.0,61
2025-11-01,FAC_180,Kilifi,Level 2,201,166,95.0,70,67.0,58
2025-11-01,FAC_181,Turkana,Level 2,196,136,59.0,44,52.0,44
2025-11-01,FAC_182,Kilifi,Level 4,546,463,345.0,299,253.0,255
2025-11-01,FAC_183,Kilifi,Level 3,333,235,111.0,93,101.0,86
2025-11-01,FAC_184,Turkana,Level 4,504,383,224.0,184,143.0,148
2025-11-01,FAC_185,Turkana,Level 4,564,382,174.0,152,120.0,101
2025-11-01,FAC_186,Turkana,Level 4,551,408,171.0,141,,143
2025-11-01,FAC_187,Turkana,Level 2,214,157,107.0,71,51.0,44
2025-11-01,FAC_189,Homa Bay,Level 2,204,155,62.0,48,61.0,62
2025-11-01,FAC_190,Homa Bay,Level 3,419,315,154.0,118,84.0,87
2025-11-01,FAC_191,Turkana,Level 2,271,194,128.0,115,106.0,89
2025-11-01,FAC_192,Homa Bay,Level 3,371,254,115.0,74,91.0,92
2025-11-01,FAC_193,Homa Bay,Level 2,283,194,104.0,91,70.0,65
2025-11-01,FAC_194,Turkana,Level 2,284,195,135.0,105,106.0,108
2025-11-01,FAC_195,Homa Bay,Level 2,253,173,77.0,59,76.0,62
2025-11-01,FAC_196,Kilifi,Level 3,340,262,122.0,86,106.0,86
2025-11-01,FAC_197,Nairobi,Level 3,322,325,,194,192.0,162
2025-11-01,FAC_198,Nairobi,Level 2,167,144,89.0,77,98.0,100
2025-12-01,FAC_100,Machakos,Level 4,511,471,315.0,340,390.0,364
2025-12-01,FAC_101,Kilifi,Level 2,181,163,79.0,69,58.0,50
2025-12-01,FAC_102,Homa Bay,Level 2,205,168,84.0,85,77.0,80
2025-12-01,FAC_103,Kilifi,Level 2,235,220,145.0,125,99.0,90
2025-12-01,FAC_104,Kilifi,Level 3,333,330,144.0,152,174.0,171
2025-12-01,FAC_105,Nairobi,Level 2,261,247,291.0,86,62.0,55
2025-12-01,FAC_106,Homa Bay,Level 4,587,473,337.0,333,405.0,420
2025-12-01,FAC_107,Homa Bay,Level 3,436,450,,374,344.0,330
2025-12-01,FAC_108,Homa Bay,Level 2,290,297,171.0,189,216.0,224
2025-12-01,FAC_109,Kilifi,Level 3,379,365,192.0,170,130.0,110
2025-12-01,FAC_110,Machakos,Level 2,204,163,109.0,97,110.0,99
2025-12-01,FAC_111,Homa Bay,Level 4,513,416,306.0,313,388.0,311
2025-12-01,FAC_112,Kilifi,Level 3,419,341,211.0,218,180.0,159
2025-12-01,FAC_113,Nairobi,Level 4,578,501,231.0,210,226.0,212
2025-12-01,FAC_114,Machakos,Level 3,336,345,220.0,242,220.0,179
2025-12-01,FAC_115,Nairobi,Level 4,532,529,267.0,276,,324
2025-12-01,FAC_116,Machakos,Level 2,229,190,136.0,122,88.0,76
2025-12-01,FAC_117,Kilifi,Level 4,471,427,310.0,303,230.0,212
2025-12-01,FAC_118,Turkana,Level 2,292,234,145.0,136,148.0,149
2025-12-01,FAC_119,Machakos,Level 2,256,239,262.0,155,140.0,135
2025-12-01,FAC_121,Kilifi,Level 4,568,538,398.0,407,285.0,292
2025-12-01,FAC_122,Machakos,Level 3,387,312,214.0,203,172.0,163
2025-12-01,FAC_123,Turkana,Level 2,288,268,178.0,186,157.0,159
2025-12-01,FAC_124,Turkana,Level 2,277,226,102.0,114,123.0,105
2025-12-01,FAC_125,Homa Bay,Level 3,305,261,187.0,171,207.0,178
2025-12-01,FAC_126,Homa Bay,Level 2,283,250,283.0,114,99.0,86
2025-12-01,FAC_127,Nairobi,Level 2,206,202,210.0,111,126.0,121
2025-12-01,FAC_128,Machakos,Level 2,215,172,194.0,114,89.0,88
2025-12-01,FAC_129,Machakos,Level 2,249,256,132.0,130,103.0,97
2025-12-01,FAC_130,Homa Bay,Level 3,412,403,274.0,242,232.0,234
2025-12-01,FAC_131,Machakos,Level 2,210,189,,127,162.0,142
2025-12-01,FAC_132,Machakos,Level 2,182,179,130.0,132,112.0,93
2025-12-01,FAC_133,Turkana,Level 2,260,216,107.0,119,133.0,135
2025-12-01,FAC_134,Homa Bay,Level 2,218,213,111.0,114,109.0,113
2025-12-01,FAC_135,Kilifi,Level 2,158,143,88.0,94,80.0,72
2025-12-01,FAC_136,Homa Bay,Level 2,209,169,117.0,116,143.0,144
2025-12-01,FAC_137,Kilifi,Level 2,286,277,119.0,121,127.0,110
2025-12-01,FAC_138,Turkana,Level 2,277,269,115.0,118,131.0,116
2025-12-01,FAC_139,Nairobi,Level 2,208,216,134.0,131,117.0,119
2025-12-01,FAC_140,Machakos,Level 2,284,272,161.0,157,181.0,162
2025-12-01,FAC_141,Turkana,Level 2,187,169,105.0,96,94.0,88
2025-12-01,FAC_142,Machakos,Level 2,262,227,164.0,152,165.0,167
2025-12-01,FAC_143,Nairobi,Level 4,606,566,270.0,309,361.0,340
2025-12-01,FAC_144,Nairobi,Level 3,423,395,280.0,258,269.0,278
2025-12-01,FAC_146,Nairobi,Level 2,233,206,151.0,133,129.0,125
2025-12-01,FAC_147,Kilifi,Level 4,618,549,,239,239.0,228
2025-12-01,FAC_148,Nairobi,Level 3,441,371,197.0,214,269.0,242
2025-12-01,FAC_149,Machakos,Level 2,205,182,94.0,96,122.0,103
2025-12-01,FAC_150,Machakos,Level 4,568,486,254.0,257,294.0,260
2025-12-01,FAC_151,Machakos,Level 2,252,220,228.0,149,154.0,150
2025-12-01,FAC_152,Machakos,Level 2,191,163,84.0,79,71.0,62
2025-12-01,FAC_153,Kilifi,Level 2,281,248,150.0,167,197.0,183
2025-12-01,FAC_154,Homa Bay,Level 3,373,310,,212,211.0,195
2025-12-01,FAC_155,Turkana,Level 2,278,239,123.0,123,125.0,130
2025-12-01,FAC_156,Machakos,Level 2,296,256,115.0,106,132.0,109
2025-12-01,FAC_157,Nairobi,Level 3,320,306,222.0,194,233.0,236
2025-12-01,FAC_158,Machakos,Level 2,287,296,150.0,158,138.0,138
2025-12-01,FAC_159,Nairobi,Level 3,433,396,196.0,193,202.0,175
2025-12-01,FAC_160,Nairobi,Level 4,478,484,311.0,342,264.0,265
2025-12-01,FAC_161,Machakos,Level 3,395,353,206.0,192,163.0,145
2025-12-01,FAC_162,Kilifi,Level 2,251,204,93.0,101,93.0,86
2025-12-01,FAC_163,Nairobi,Level 3,392,343,220.0,192,137.0,139
2025-12-01,FAC_164,Nairobi,Level 2,245,206,90.0,86,64.0,65
2025-12-01,FAC_165,Machakos,Level 4,613,508,337.0,331,377.0,317
2025-12-01,FAC_166,Nairobi,Level 2,220,185,81.0,92,94.0,86
2025-12-01,FAC_167,Nairobi,Level 2,213,190,115.0,106,86.0,69
2025-12-01,FAC_168,Machakos,Level 2,166,159,71.0,76,60.0,59
2025-12-01,FAC_169,Machakos,Level 2,290,246,169.0,157,122.0,112
2025-12-01,FAC_170,Turkana,Level 3,457,396,280.0,316,308.0,305
2025-12-01,FAC_172,Kilifi,Level 3,310,317,133.0,141,101.0,91
2025-12-01,FAC_173,Nairobi,Level 2,193,170,73.0,73,54.0,54
2025-12-01,FAC_174,Kilifi,Level 4,508,496,353.0,354,,434
2025-12-01,FAC_175,Nairobi,Level 4,461,373,170.0,155,136.0,141
2025-12-01,FAC_176,Turkana,Level 2,173,170,107.0,104,125.0,120
2025-12-01,FAC_177,Machakos,Level 2,181,147,93.0,100,87.0,75
2025-12-01,FAC_178,Machakos,Level 3,360,302,196.0,223,196.0,193
2025-12-01,FAC_179,Machakos,Level 2,148,131,87.0,76,72.0,68
2025-12-01,FAC_180,Kilifi,Level 2,190,163,79.0,71,83.0,75
2025-12-01,FAC_181,Turkana,Level 2,202,193,134.0,117,125.0,113
2025-12-01,FAC_182,Kilifi,Level 4,554,447,330.0,373,342.0,319
2025-12-01,FAC_183,Kilifi,Level 3,332,312,211.0,219,262.0,255
2025-12-01,FAC_185,Turkana,Level 4,563,552,,351,345.0,316
2025-12-01,FAC_186,Turkana,Level 4,586,509,228.0,241,169.0,155
2025-12-01,FAC_187,Turkana,Level 2,225,204,127.0,121,116.0,94
2025-12-01,FAC_188,Machakos,Level 2,173,162,111.0,116,117.0,96
2025-12-01,FAC_190,Homa Bay,Level 3,392,323,176.0,187,230.0,219
2025-12-01,FAC_191,Turkana,Level 2,264,227,149.0,140,112.0,92
2025-12-01,FAC_192,Homa Bay,Level 3,398,377,219.0,239,265.0,241
2025-12-01,FAC_193,Homa Bay,Level 2,281,287,206.0,186,159.0,157
2025-12-01,FAC_194,Turkana,Level 2,274,228,103.0,88,67.0,67
2025-12-01,FAC_195,Homa Bay,Level 2,258,229,95.0,84,88.0,90
2025-12-01,FAC_196,Kilifi,Level 3,346,315,153.0,170,157.0,158
2025-12-01,FAC_197,Nairobi,Level 3,344,344,217.0,191,199.0,179
2025-12-01,FAC_198,Nairobi,Level 2,173,139,,62,69.0,62
